関東,東京（全域）,[ＪＲ]京浜東北線(大宮〜横浜),,http://ekikara.jp/newdata/line/1301101.htm
関東,東京（全域）,[ＪＲ]山手線(大崎〜大崎),,http://ekikara.jp/newdata/line/1301041.htm
関東,東京（全域）,[ＪＲ]中央線「快速」(東京〜高尾),,http://ekikara.jp/newdata/line/1301062.htm
関東,東京（全域）,[ＪＲ]京葉線(東京〜蘇我),,http://ekikara.jp/newdata/line/1301231.htm
関東,東京（全域）,[ＪＲ]東海道本線(東京〜熱海),,http://ekikara.jp/newdata/line/1301131.htm
関東,東京（全域）,[ＪＲ]埼京線(大崎〜大宮),,http://ekikara.jp/newdata/line/1301081.htm
関東,東京（全域）,[ＪＲ]南武線(川崎〜立川),,http://ekikara.jp/newdata/line/1301351.htm
関東,東京（全域）,[ＪＲ]総武線「快速」(東京〜千葉),,http://ekikara.jp/newdata/line/1301072.htm
関東,東京（全域）,[ＪＲ]横須賀線(東京〜久里浜),,http://ekikara.jp/newdata/line/1301291.htm
関東,東京（全域）,[ＪＲ]青梅線(立川〜奥多摩),,http://ekikara.jp/newdata/line/1301181.htm
関東,東京（全域）,[ＪＲ]横浜線(東神奈川〜八王子),,http://ekikara.jp/newdata/line/1301121.htm
関東,東京（全域）,[ＪＲ]上野東京ライン(東京〜上野),,http://ekikara.jp/newdata/line/1310101.htm
関東,東京（全域）,[ＪＲ]常磐線「各駅停車」(綾瀬〜取手),,http://ekikara.jp/newdata/line/1301242.htm
関東,東京（全域）,[ＪＲ]東北本線(宇都宮線)(上野〜黒磯),,http://ekikara.jp/newdata/line/1301141.htm
関東,東京（全域）,[ＪＲ]武蔵野線(府中本町〜西船橋),,http://ekikara.jp/newdata/line/1301371.htm
関東,東京（全域）,[ＪＲ]中央本線(東京〜塩尻),,http://ekikara.jp/newdata/line/1301061.htm
関東,東京（全域）,[ＪＲ]常磐線(上野〜仙台),,http://ekikara.jp/newdata/line/1301241.htm
関東,東京（全域）,[ＪＲ]高崎線(上野〜高崎),,http://ekikara.jp/newdata/line/1301201.htm
関東,東京（全域）,[ＪＲ]常磐線「快速」(上野〜取手),,http://ekikara.jp/newdata/line/1301243.htm
関東,東京（全域）,[ＪＲ]湘南新宿ライン(大宮〜大船),,http://ekikara.jp/newdata/line/1301731.htm
関東,東京（全域）,[ＪＲ]八高線(八王子〜高麗川),,http://ekikara.jp/newdata/line/1301641.htm
関東,東京（全域）,[ＪＲ]五日市線(拝島〜武蔵五日市),,http://ekikara.jp/newdata/line/1301191.htm
関東,東京（全域）,[小田急]小田原線(新宿〜松田・小田原),,http://ekikara.jp/newdata/line/1306011.htm
関東,東京（全域）,[東武]伊勢崎線(浅草・押上〜伊勢崎),,http://ekikara.jp/newdata/line/1303011.htm
関東,東京（全域）,[京急]本線(泉岳寺〜浦賀),,http://ekikara.jp/newdata/line/1308011.htm
関東,東京（全域）,[東京メトロ]丸ノ内線(池袋〜方南町・荻窪),,http://ekikara.jp/newdata/line/1310021.htm
関東,東京（全域）,[西武]池袋線(池袋〜飯能),,http://ekikara.jp/newdata/line/1304011.htm
関東,東京（全域）,[東武]東上本線(池袋〜寄居),,http://ekikara.jp/newdata/line/1303111.htm
関東,東京（全域）,[京王]京王線(新宿〜京王八王子),,http://ekikara.jp/newdata/line/1305011.htm
関東,東京（全域）,[東京メトロ]有楽町線(和光市〜新木場),,http://ekikara.jp/newdata/line/1310061.htm
関東,東京（全域）,[東急]東横線(渋谷〜横浜),,http://ekikara.jp/newdata/line/1307011.htm
関東,東京（全域）,[東京メトロ]銀座線(浅草〜渋谷),,http://ekikara.jp/newdata/line/1310011.htm
関東,東京（全域）,[都営]浅草線(押上〜西馬込),,http://ekikara.jp/newdata/line/1311011.htm
関東,東京（全域）,[西武]新宿線(西武新宿〜本川越),,http://ekikara.jp/newdata/line/1304061.htm
関東,東京（全域）,[京王]井の頭線(渋谷〜吉祥寺),,http://ekikara.jp/newdata/line/1305061.htm
関東,東京（全域）,[京成]本線(京成上野〜東成田・成田空港),,http://ekikara.jp/newdata/line/1302011.htm
関東,東京（全域）,[東急]田園都市線(渋谷〜中央林間),,http://ekikara.jp/newdata/line/1307051.htm
関東,東京（全域）,[都電]荒川線(三ノ輪橋〜早稲田),,http://ekikara.jp/newdata/line/1311051.htm
関東,東京（全域）,東京モノレール(浜松町〜羽田空港第２ビル),,http://ekikara.jp/newdata/line/1312011.htm
関東,東京（全域）,[東京メトロ]東西線(西船橋〜中野),,http://ekikara.jp/newdata/line/1310041.htm
関東,東京（全域）,[東京メトロ]日比谷線(北千住〜中目黒),,http://ekikara.jp/newdata/line/1310031.htm
関東,東京（全域）,[東京メトロ]副都心線(渋谷〜和光市),,http://ekikara.jp/newdata/line/1310091.htm
関東,東京（全域）,[東京メトロ]半蔵門線(渋谷〜押上),,http://ekikara.jp/newdata/line/1310071.htm
関東,東京（全域）,[東急]目黒線(目黒〜日吉),,http://ekikara.jp/newdata/line/1307021.htm
関東,東京（全域）,[京成]押上線(押上〜京成高砂),,http://ekikara.jp/newdata/line/1302021.htm
関東,東京（全域）,[東急]大井町線(大井町〜溝の口),,http://ekikara.jp/newdata/line/1307061.htm
関東,東京（全域）,ゆりかもめ(新橋〜豊洲),,http://ekikara.jp/newdata/line/1314011.htm
関東,東京（全域）,[東京メトロ]千代田線(代々木上原〜綾瀬),,http://ekikara.jp/newdata/line/1310051.htm
関東,東京（全域）,[都営]日暮里舎人ライナー(日暮里〜見沼代親水公園),,http://ekikara.jp/newdata/line/1311042.htm
関東,東京（全域）,[京急]空港線(京急蒲田〜羽田空港国内線ターミナル),,http://ekikara.jp/newdata/line/1308021.htm
関東,東京（全域）,[東急]池上線(五反田〜蒲田),,http://ekikara.jp/newdata/line/1307071.htm
関東,東京（全域）,[都営]大江戸線(光が丘〜都庁前),,http://ekikara.jp/newdata/line/1311041.htm
関東,東京（全域）,つくばエクスプレス(秋葉原〜つくば),,http://ekikara.jp/newdata/line/0806011.htm
関東,東京（全域）,[都営]新宿線(新宿〜本八幡),,http://ekikara.jp/newdata/line/1311031.htm
関東,東京（全域）,[東急]多摩川線(多摩川〜蒲田),,http://ekikara.jp/newdata/line/1307031.htm
関東,東京（全域）,[都営]三田線(西高島平〜目黒),,http://ekikara.jp/newdata/line/1311021.htm
関東,東京（全域）,[京王]相模原線(調布〜橋本),,http://ekikara.jp/newdata/line/1305021.htm
関東,東京（全域）,[東急]世田谷線(三軒茶屋〜下高井戸),,http://ekikara.jp/newdata/line/1307091.htm
関東,東京（全域）,[東京メトロ]南北線(赤羽岩淵〜目黒),,http://ekikara.jp/newdata/line/1310081.htm
関東,東京（全域）,[京王]京王新線(新宿〜笹塚),,http://ekikara.jp/newdata/line/1305012.htm
関東,東京（全域）,埼玉高速鉄道(赤羽岩淵〜浦和美園),,http://ekikara.jp/newdata/line/1102011.htm
関東,東京（全域）,[ＴＷＲ]りんかい線(新木場〜大崎),,http://ekikara.jp/newdata/line/1309011.htm
関東,東京（全域）,[小田急]多摩線(新百合ヶ丘〜唐木田),,http://ekikara.jp/newdata/line/1306031.htm
関東,東京（全域）,[西武]有楽町線(小竹向原〜練馬),,http://ekikara.jp/newdata/line/1304051.htm
関東,東京（全域）,成田スカイアクセス線・北総線(京成高砂〜成田空港),,http://ekikara.jp/newdata/line/1204011.htm
関東,東京（全域）,多摩モノレール線(多摩センター〜上北台),,http://ekikara.jp/newdata/line/1313011.htm
関東,東京（全域）,[京王]高尾線(北野〜高尾山口),,http://ekikara.jp/newdata/line/1305051.htm
関東,東京（全域）,[東武]亀戸線(曳舟〜亀戸),,http://ekikara.jp/newdata/line/1303081.htm
関東,東京（全域）,[西武]多摩湖線(国分寺・小平〜西武遊園地),,http://ekikara.jp/newdata/line/1304091.htm
関東,東京（全域）,[東京メトロ]千代田線(綾瀬〜北綾瀬),,http://ekikara.jp/newdata/line/1310052.htm
関東,東京（全域）,[東武]大師線(西新井〜大師前),,http://ekikara.jp/newdata/line/1303091.htm
関東,東京（全域）,[西武]国分寺線(国分寺〜東村山),,http://ekikara.jp/newdata/line/1304101.htm
関東,東京（全域）,[西武]拝島線(小平〜拝島),,http://ekikara.jp/newdata/line/1304081.htm
関東,東京（全域）,[西武]多摩川線(武蔵境〜是政),,http://ekikara.jp/newdata/line/1304111.htm
関東,東京（全域）,[京成]金町線(京成高砂〜京成金町),,http://ekikara.jp/newdata/line/1302031.htm
関東,東京（全域）,[西武]豊島線(練馬〜豊島園),,http://ekikara.jp/newdata/line/1304031.htm
関東,東京（全域）,[西武]西武園線(東村山〜西武園),,http://ekikara.jp/newdata/line/1304071.htm
関東,東京（全域）,[京王]動物園線(高幡不動〜多摩動物公園),,http://ekikara.jp/newdata/line/1305041.htm
関東,東京（全域）,[京王]競馬場線(東府中〜府中競馬正門前),,http://ekikara.jp/newdata/line/1305031.htm
関東,東京（全域）,[西武]山口線(西武遊園地〜西武球場前),,http://ekikara.jp/newdata/line/1304121.htm
関東,東京（全域）,[高尾登山電鉄]高尾登山ケーブル(清滝〜高尾山),,http://ekikara.jp/newdata/line/1320111.htm
関東,東京（地下鉄）,[ＪＲ]東海道新幹線(東京〜新大阪),,http://ekikara.jp/newdata/line/2301011.htm
関東,東京（地下鉄）,[ＪＲ]東北新幹線(東京〜新青森),,http://ekikara.jp/newdata/line/1301011.htm
関東,東京（地下鉄）,[ＪＲ]北陸新幹線(東京〜金沢),,http://ekikara.jp/newdata/line/1301031.htm
関東,東京（地下鉄）,[ＪＲ]上越新幹線(東京〜ガーラ湯沢・新潟),,http://ekikara.jp/newdata/line/1301021.htm
関東,東京（地下鉄）,[ＪＲ]中央・総武線(三鷹〜千葉),,http://ekikara.jp/newdata/line/1301051.htm
関東,東京（地下鉄）,[ＪＲ]京浜東北線(大宮〜横浜),,http://ekikara.jp/newdata/line/1301101.htm
関東,東京（地下鉄）,[ＪＲ]山手線(大崎〜大崎),,http://ekikara.jp/newdata/line/1301041.htm
関東,東京（地下鉄）,[ＪＲ]中央線「快速」(東京〜高尾),,http://ekikara.jp/newdata/line/1301062.htm
関東,東京（地下鉄）,[ＪＲ]京葉線(東京〜蘇我),,http://ekikara.jp/newdata/line/1301231.htm
関東,東京（地下鉄）,[ＪＲ]東海道本線(東京〜熱海),,http://ekikara.jp/newdata/line/1301131.htm
関東,東京（地下鉄）,[ＪＲ]埼京線(大崎〜大宮),,http://ekikara.jp/newdata/line/1301081.htm
関東,東京（地下鉄）,[ＪＲ]南武線(川崎〜立川),,http://ekikara.jp/newdata/line/1301351.htm
関東,東京（地下鉄）,[ＪＲ]総武線「快速」(東京〜千葉),,http://ekikara.jp/newdata/line/1301072.htm
関東,東京（地下鉄）,[ＪＲ]横須賀線(東京〜久里浜),,http://ekikara.jp/newdata/line/1301291.htm
関東,東京（地下鉄）,[ＪＲ]青梅線(立川〜奥多摩),,http://ekikara.jp/newdata/line/1301181.htm
関東,東京（地下鉄）,[ＪＲ]横浜線(東神奈川〜八王子),,http://ekikara.jp/newdata/line/1301121.htm
関東,東京（地下鉄）,[ＪＲ]上野東京ライン(東京〜上野),,http://ekikara.jp/newdata/line/1310101.htm
関東,東京（地下鉄）,[ＪＲ]常磐線「各駅停車」(綾瀬〜取手),,http://ekikara.jp/newdata/line/1301242.htm
関東,東京（地下鉄）,[ＪＲ]東北本線(宇都宮線)(上野〜黒磯),,http://ekikara.jp/newdata/line/1301141.htm
関東,東京（地下鉄）,[ＪＲ]武蔵野線(府中本町〜西船橋),,http://ekikara.jp/newdata/line/1301371.htm
関東,東京（地下鉄）,[ＪＲ]中央本線(東京〜塩尻),,http://ekikara.jp/newdata/line/1301061.htm
関東,東京（地下鉄）,[ＪＲ]常磐線(上野〜仙台),,http://ekikara.jp/newdata/line/1301241.htm
関東,東京（地下鉄）,[ＪＲ]高崎線(上野〜高崎),,http://ekikara.jp/newdata/line/1301201.htm
関東,東京（地下鉄）,[ＪＲ]常磐線「快速」(上野〜取手),,http://ekikara.jp/newdata/line/1301243.htm
関東,東京（地下鉄）,[ＪＲ]湘南新宿ライン(大宮〜大船),,http://ekikara.jp/newdata/line/1301731.htm
関東,東京（地下鉄）,[ＪＲ]八高線(八王子〜高麗川),,http://ekikara.jp/newdata/line/1301641.htm
関東,東京（地下鉄）,[ＪＲ]五日市線(拝島〜武蔵五日市),,http://ekikara.jp/newdata/line/1301191.htm
関東,東京（地下鉄）,[小田急]小田原線(新宿〜松田・小田原),,http://ekikara.jp/newdata/line/1306011.htm
関東,東京（地下鉄）,[東武]伊勢崎線(浅草・押上〜伊勢崎),,http://ekikara.jp/newdata/line/1303011.htm
関東,東京（地下鉄）,[京急]本線(泉岳寺〜浦賀),,http://ekikara.jp/newdata/line/1308011.htm
関東,東京（地下鉄）,[東京メトロ]丸ノ内線(池袋〜方南町・荻窪),,http://ekikara.jp/newdata/line/1310021.htm
関東,東京（地下鉄）,[西武]池袋線(池袋〜飯能),,http://ekikara.jp/newdata/line/1304011.htm
関東,東京（地下鉄）,[東武]東上本線(池袋〜寄居),,http://ekikara.jp/newdata/line/1303111.htm
関東,東京（地下鉄）,[京王]京王線(新宿〜京王八王子),,http://ekikara.jp/newdata/line/1305011.htm
関東,東京（地下鉄）,[東京メトロ]有楽町線(和光市〜新木場),,http://ekikara.jp/newdata/line/1310061.htm
関東,東京（地下鉄）,[東急]東横線(渋谷〜横浜),,http://ekikara.jp/newdata/line/1307011.htm
関東,東京（地下鉄）,[東京メトロ]銀座線(浅草〜渋谷),,http://ekikara.jp/newdata/line/1310011.htm
関東,東京（地下鉄）,[都営]浅草線(押上〜西馬込),,http://ekikara.jp/newdata/line/1311011.htm
関東,東京（地下鉄）,[西武]新宿線(西武新宿〜本川越),,http://ekikara.jp/newdata/line/1304061.htm
関東,東京（地下鉄）,[京王]井の頭線(渋谷〜吉祥寺),,http://ekikara.jp/newdata/line/1305061.htm
関東,東京（地下鉄）,[京成]本線(京成上野〜東成田・成田空港),,http://ekikara.jp/newdata/line/1302011.htm
関東,東京（地下鉄）,[東急]田園都市線(渋谷〜中央林間),,http://ekikara.jp/newdata/line/1307051.htm
関東,東京（地下鉄）,[都電]荒川線(三ノ輪橋〜早稲田),,http://ekikara.jp/newdata/line/1311051.htm
関東,東京（地下鉄）,東京モノレール(浜松町〜羽田空港第２ビル),,http://ekikara.jp/newdata/line/1312011.htm
関東,東京（地下鉄）,[東京メトロ]東西線(西船橋〜中野),,http://ekikara.jp/newdata/line/1310041.htm
関東,東京（地下鉄）,[東京メトロ]日比谷線(北千住〜中目黒),,http://ekikara.jp/newdata/line/1310031.htm
関東,東京（地下鉄）,[東京メトロ]副都心線(渋谷〜和光市),,http://ekikara.jp/newdata/line/1310091.htm
関東,東京（地下鉄）,[東京メトロ]半蔵門線(渋谷〜押上),,http://ekikara.jp/newdata/line/1310071.htm
関東,東京（地下鉄）,[東急]目黒線(目黒〜日吉),,http://ekikara.jp/newdata/line/1307021.htm
関東,東京（地下鉄）,[京成]押上線(押上〜京成高砂),,http://ekikara.jp/newdata/line/1302021.htm
関東,東京（地下鉄）,[東急]大井町線(大井町〜溝の口),,http://ekikara.jp/newdata/line/1307061.htm
関東,東京（地下鉄）,ゆりかもめ(新橋〜豊洲),,http://ekikara.jp/newdata/line/1314011.htm
関東,東京（地下鉄）,[東京メトロ]千代田線(代々木上原〜綾瀬),,http://ekikara.jp/newdata/line/1310051.htm
関東,東京（地下鉄）,[都営]日暮里舎人ライナー(日暮里〜見沼代親水公園),,http://ekikara.jp/newdata/line/1311042.htm
関東,東京（地下鉄）,[京急]空港線(京急蒲田〜羽田空港国内線ターミナル),,http://ekikara.jp/newdata/line/1308021.htm
関東,東京（地下鉄）,[東急]池上線(五反田〜蒲田),,http://ekikara.jp/newdata/line/1307071.htm
関東,東京（地下鉄）,[都営]大江戸線(光が丘〜都庁前),,http://ekikara.jp/newdata/line/1311041.htm
関東,東京（地下鉄）,つくばエクスプレス(秋葉原〜つくば),,http://ekikara.jp/newdata/line/0806011.htm
関東,東京（地下鉄）,[都営]新宿線(新宿〜本八幡),,http://ekikara.jp/newdata/line/1311031.htm
関東,東京（地下鉄）,[東急]多摩川線(多摩川〜蒲田),,http://ekikara.jp/newdata/line/1307031.htm
関東,東京（地下鉄）,[都営]三田線(西高島平〜目黒),,http://ekikara.jp/newdata/line/1311021.htm
関東,東京（地下鉄）,[京王]相模原線(調布〜橋本),,http://ekikara.jp/newdata/line/1305021.htm
関東,東京（地下鉄）,[東急]世田谷線(三軒茶屋〜下高井戸),,http://ekikara.jp/newdata/line/1307091.htm
関東,東京（地下鉄）,[東京メトロ]南北線(赤羽岩淵〜目黒),,http://ekikara.jp/newdata/line/1310081.htm
関東,東京（地下鉄）,[京王]京王新線(新宿〜笹塚),,http://ekikara.jp/newdata/line/1305012.htm
関東,東京（地下鉄）,埼玉高速鉄道(赤羽岩淵〜浦和美園),,http://ekikara.jp/newdata/line/1102011.htm
関東,東京（地下鉄）,[ＴＷＲ]りんかい線(新木場〜大崎),,http://ekikara.jp/newdata/line/1309011.htm
関東,東京（地下鉄）,[小田急]多摩線(新百合ヶ丘〜唐木田),,http://ekikara.jp/newdata/line/1306031.htm
関東,東京（地下鉄）,[西武]有楽町線(小竹向原〜練馬),,http://ekikara.jp/newdata/line/1304051.htm
関東,東京（地下鉄）,成田スカイアクセス線・北総線(京成高砂〜成田空港),,http://ekikara.jp/newdata/line/1204011.htm
関東,東京（地下鉄）,多摩モノレール線(多摩センター〜上北台),,http://ekikara.jp/newdata/line/1313011.htm
関東,東京（地下鉄）,[京王]高尾線(北野〜高尾山口),,http://ekikara.jp/newdata/line/1305051.htm
関東,東京（地下鉄）,[東武]亀戸線(曳舟〜亀戸),,http://ekikara.jp/newdata/line/1303081.htm
関東,東京（地下鉄）,[西武]多摩湖線(国分寺・小平〜西武遊園地),,http://ekikara.jp/newdata/line/1304091.htm
関東,東京（地下鉄）,[東京メトロ]千代田線(綾瀬〜北綾瀬),,http://ekikara.jp/newdata/line/1310052.htm
関東,東京（地下鉄）,[東武]大師線(西新井〜大師前),,http://ekikara.jp/newdata/line/1303091.htm
関東,東京（地下鉄）,[西武]国分寺線(国分寺〜東村山),,http://ekikara.jp/newdata/line/1304101.htm
関東,東京（地下鉄）,[西武]拝島線(小平〜拝島),,http://ekikara.jp/newdata/line/1304081.htm
関東,東京（地下鉄）,[西武]多摩川線(武蔵境〜是政),,http://ekikara.jp/newdata/line/1304111.htm
関東,東京（地下鉄）,[京成]金町線(京成高砂〜京成金町),,http://ekikara.jp/newdata/line/1302031.htm
関東,東京（地下鉄）,[西武]豊島線(練馬〜豊島園),,http://ekikara.jp/newdata/line/1304031.htm
関東,東京（地下鉄）,[西武]西武園線(東村山〜西武園),,http://ekikara.jp/newdata/line/1304071.htm
関東,東京（地下鉄）,[京王]動物園線(高幡不動〜多摩動物公園),,http://ekikara.jp/newdata/line/1305041.htm
関東,東京（地下鉄）,[京王]競馬場線(東府中〜府中競馬正門前),,http://ekikara.jp/newdata/line/1305031.htm
関東,東京（地下鉄）,[西武]山口線(西武遊園地〜西武球場前),,http://ekikara.jp/newdata/line/1304121.htm
関東,東京（地下鉄）,[高尾登山電鉄]高尾登山ケーブル(清滝〜高尾山),,http://ekikara.jp/newdata/line/1320111.htm
関東,神奈川,[ＪＲ]東海道新幹線(東京〜新大阪),,http://ekikara.jp/newdata/line/2301011.htm
関東,神奈川,[ＪＲ]京浜東北線(大宮〜横浜),,http://ekikara.jp/newdata/line/1301101.htm
関東,神奈川,[ＪＲ]根岸線(横浜〜大船),,http://ekikara.jp/newdata/line/1301111.htm
関東,神奈川,[ＪＲ]東海道本線(東京〜熱海),,http://ekikara.jp/newdata/line/1301131.htm
関東,神奈川,[ＪＲ]南武線(川崎〜立川),,http://ekikara.jp/newdata/line/1301351.htm
関東,神奈川,[ＪＲ]横須賀線(東京〜久里浜),,http://ekikara.jp/newdata/line/1301291.htm
関東,神奈川,[ＪＲ]横浜線(東神奈川〜八王子),,http://ekikara.jp/newdata/line/1301121.htm
関東,神奈川,[ＪＲ]中央本線(東京〜塩尻),,http://ekikara.jp/newdata/line/1301061.htm
関東,神奈川,[ＪＲ]湘南新宿ライン(大宮〜大船),,http://ekikara.jp/newdata/line/1301731.htm
関東,神奈川,[ＪＲ]鶴見線(鶴見〜海芝浦・大川・扇町),,http://ekikara.jp/newdata/line/1301361.htm
関東,神奈川,[ＪＲ]相模線(茅ヶ崎〜橋本),,http://ekikara.jp/newdata/line/1301301.htm
関東,神奈川,[ＪＲ]御殿場線(国府津〜沼津),,http://ekikara.jp/newdata/line/2301061.htm
関東,神奈川,[ＪＲ]南武線(浜川崎〜尻手),,http://ekikara.jp/newdata/line/1301352.htm
関東,神奈川,[小田急]小田原線(新宿〜松田・小田原),,http://ekikara.jp/newdata/line/1306011.htm
関東,神奈川,[京急]本線(泉岳寺〜浦賀),,http://ekikara.jp/newdata/line/1308011.htm
関東,神奈川,[東急]東横線(渋谷〜横浜),,http://ekikara.jp/newdata/line/1307011.htm
関東,神奈川,[東急]田園都市線(渋谷〜中央林間),,http://ekikara.jp/newdata/line/1307051.htm
関東,神奈川,みなとみらい線(横浜〜元町・中華街),,http://ekikara.jp/newdata/line/1407011.htm
関東,神奈川,[相鉄]本線(横浜〜海老名),,http://ekikara.jp/newdata/line/1401011.htm
関東,神奈川,横浜シーサイドライン(新杉田〜金沢八景),,http://ekikara.jp/newdata/line/1404011.htm
関東,神奈川,[東急]目黒線(目黒〜日吉),,http://ekikara.jp/newdata/line/1307021.htm
関東,神奈川,[東急]大井町線(大井町〜溝の口),,http://ekikara.jp/newdata/line/1307061.htm
関東,神奈川,[京王]相模原線(調布〜橋本),,http://ekikara.jp/newdata/line/1305021.htm
関東,神奈川,[小田急]江ノ島線(相模大野〜片瀬江ノ島),,http://ekikara.jp/newdata/line/1306021.htm
関東,神奈川,[横浜市営]ブルーライン (あざみ野〜湘南台),,http://ekikara.jp/newdata/line/1403011.htm
関東,神奈川,[横浜市営]グリーンライン(日吉〜中山),,http://ekikara.jp/newdata/line/1403021.htm
関東,神奈川,[箱根登山鉄道]箱根登山電車(小田原〜強羅),,http://ekikara.jp/newdata/line/1402011.htm
関東,神奈川,[小田急]多摩線(新百合ヶ丘〜唐木田),,http://ekikara.jp/newdata/line/1306031.htm
関東,神奈川,[京急]久里浜線(堀ノ内〜三崎口),,http://ekikara.jp/newdata/line/1308041.htm
関東,神奈川,[相鉄]いずみ野線(二俣川〜湘南台),,http://ekikara.jp/newdata/line/1401021.htm
関東,神奈川,[京急]大師線(京急川崎〜小島新田),,http://ekikara.jp/newdata/line/1308051.htm
関東,神奈川,[京急]逗子線(金沢八景〜新逗子),,http://ekikara.jp/newdata/line/1308031.htm
関東,神奈川,湘南モノレール(大船〜湘南江の島),,http://ekikara.jp/newdata/line/1405011.htm
関東,神奈川,[東急]こどもの国線(長津田〜こどもの国),,http://ekikara.jp/newdata/line/1307081.htm
関東,神奈川,江ノ島電鉄(藤沢〜鎌倉),,http://ekikara.jp/newdata/line/1406011.htm
関東,神奈川,[伊豆箱根鉄道]大雄山線(小田原〜大雄山),,http://ekikara.jp/newdata/line/2202021.htm
関東,神奈川,[箱根登山鉄道]箱根登山ケーブル(強羅〜早雲山),,http://ekikara.jp/newdata/line/1438211.htm
関東,千葉,[ＪＲ]中央・総武線(三鷹〜千葉),,http://ekikara.jp/newdata/line/1301051.htm
関東,千葉,[ＪＲ]京葉線(東京〜蘇我),,http://ekikara.jp/newdata/line/1301231.htm
関東,千葉,[ＪＲ]総武線「快速」(東京〜千葉),,http://ekikara.jp/newdata/line/1301072.htm
関東,千葉,[ＪＲ]常磐線「各駅停車」(綾瀬〜取手),,http://ekikara.jp/newdata/line/1301242.htm
関東,千葉,[ＪＲ]武蔵野線(府中本町〜西船橋),,http://ekikara.jp/newdata/line/1301371.htm
関東,千葉,[ＪＲ]常磐線(上野〜仙台),,http://ekikara.jp/newdata/line/1301241.htm
関東,千葉,[ＪＲ]総武本線(千葉〜銚子),,http://ekikara.jp/newdata/line/1301071.htm
関東,千葉,[ＪＲ]常磐線「快速」(上野〜取手),,http://ekikara.jp/newdata/line/1301243.htm
関東,千葉,[ＪＲ]成田線(佐倉〜成田空港・銚子),,http://ekikara.jp/newdata/line/1301271.htm
関東,千葉,[ＪＲ]内房線(千葉〜安房鴨川),,http://ekikara.jp/newdata/line/1301251.htm
関東,千葉,[ＪＲ]外房線(千葉〜安房鴨川),,http://ekikara.jp/newdata/line/1301261.htm
関東,千葉,[ＪＲ]成田線(我孫子〜成田),,http://ekikara.jp/newdata/line/1301272.htm
関東,千葉,[ＪＲ]鹿島線(佐原〜鹿島サッカースタジアム),,http://ekikara.jp/newdata/line/1301511.htm
関東,千葉,[ＪＲ]東金線(大網〜成東),,http://ekikara.jp/newdata/line/1301621.htm
関東,千葉,[ＪＲ]久留里線(木更津〜上総亀山),,http://ekikara.jp/newdata/line/1301551.htm
関東,千葉,[京成]本線(京成上野〜東成田・成田空港),,http://ekikara.jp/newdata/line/1302011.htm
関東,千葉,[東京メトロ]東西線(西船橋〜中野),,http://ekikara.jp/newdata/line/1310041.htm
関東,千葉,[東武]アーバンパークライン＜野田線＞(大宮〜船橋),,http://ekikara.jp/newdata/line/1303101.htm
関東,千葉,つくばエクスプレス(秋葉原〜つくば),,http://ekikara.jp/newdata/line/0806011.htm
関東,千葉,[都営]新宿線(新宿〜本八幡),,http://ekikara.jp/newdata/line/1311031.htm
関東,千葉,[千葉都市モノレール]１号線(千葉みなと〜県庁前),,http://ekikara.jp/newdata/line/1211011.htm
関東,千葉,新京成電鉄(松戸〜京成津田沼),,http://ekikara.jp/newdata/line/1203011.htm
関東,千葉,成田スカイアクセス線・北総線(京成高砂〜成田空港),,http://ekikara.jp/newdata/line/1204011.htm
関東,千葉,東葉高速鉄道(西船橋〜東葉勝田台),,http://ekikara.jp/newdata/line/1206011.htm
関東,千葉,[千葉都市モノレール]２号線(千葉〜千城台),,http://ekikara.jp/newdata/line/1211021.htm
関東,千葉,[京成]千葉線(京成津田沼〜千葉中央),,http://ekikara.jp/newdata/line/1302041.htm
関東,千葉,総武流山電鉄(馬橋〜流山),,http://ekikara.jp/newdata/line/1202011.htm
関東,千葉,[京成]千原線(千葉中央〜ちはら台),,http://ekikara.jp/newdata/line/1302051.htm
関東,千葉,ディズニーリゾートライン(リゾートゲートウェイ〜リゾートゲートウェイ),,http://ekikara.jp/newdata/line/1212011.htm
関東,千葉,[山万]ユーカリが丘線(ユーカリが丘〜ユーカリが丘),,http://ekikara.jp/newdata/line/1210011.htm
関東,千葉,芝山鉄道(東成田〜芝山千代田),,http://ekikara.jp/newdata/line/1205011.htm
関東,千葉,小湊鐵道(五井〜上総中野),,http://ekikara.jp/newdata/line/1207011.htm
関東,千葉,銚子電気鉄道(銚子〜外川),,http://ekikara.jp/newdata/line/1209011.htm
関東,千葉,いすみ鉄道(大原〜上総中野),,http://ekikara.jp/newdata/line/1208011.htm
関東,埼玉,[ＪＲ]東北新幹線(東京〜新青森),,http://ekikara.jp/newdata/line/1301011.htm
関東,埼玉,[ＪＲ]北陸新幹線(東京〜金沢),,http://ekikara.jp/newdata/line/1301031.htm
関東,埼玉,[ＪＲ]上越新幹線(東京〜ガーラ湯沢・新潟),,http://ekikara.jp/newdata/line/1301021.htm
関東,埼玉,[ＪＲ]京浜東北線(大宮〜横浜),,http://ekikara.jp/newdata/line/1301101.htm
関東,埼玉,[ＪＲ]埼京線(大崎〜大宮),,http://ekikara.jp/newdata/line/1301081.htm
関東,埼玉,[ＪＲ]東北本線(宇都宮線)(上野〜黒磯),,http://ekikara.jp/newdata/line/1301141.htm
関東,埼玉,[ＪＲ]武蔵野線(府中本町〜西船橋),,http://ekikara.jp/newdata/line/1301371.htm
関東,埼玉,[ＪＲ]高崎線(上野〜高崎),,http://ekikara.jp/newdata/line/1301201.htm
関東,埼玉,[ＪＲ]川越線(大宮〜高麗川),,http://ekikara.jp/newdata/line/1301091.htm
関東,埼玉,[ＪＲ]湘南新宿ライン(大宮〜大船),,http://ekikara.jp/newdata/line/1301731.htm
関東,埼玉,[ＪＲ]八高線(八王子〜高麗川),,http://ekikara.jp/newdata/line/1301641.htm
関東,埼玉,[ＪＲ]八高線(高麗川〜高崎),,http://ekikara.jp/newdata/line/1301642.htm
関東,埼玉,[東武]伊勢崎線(浅草・押上〜伊勢崎),,http://ekikara.jp/newdata/line/1303011.htm
関東,埼玉,[西武]池袋線(池袋〜飯能),,http://ekikara.jp/newdata/line/1304011.htm
関東,埼玉,[東武]東上本線(池袋〜寄居),,http://ekikara.jp/newdata/line/1303111.htm
関東,埼玉,[東京メトロ]有楽町線(和光市〜新木場),,http://ekikara.jp/newdata/line/1310061.htm
関東,埼玉,[西武]新宿線(西武新宿〜本川越),,http://ekikara.jp/newdata/line/1304061.htm
関東,埼玉,[東武]アーバンパークライン＜野田線＞(大宮〜船橋),,http://ekikara.jp/newdata/line/1303101.htm
関東,埼玉,[東京メトロ]副都心線(渋谷〜和光市),,http://ekikara.jp/newdata/line/1310091.htm
関東,埼玉,[東武]日光線(東武動物公園〜東武日光),,http://ekikara.jp/newdata/line/1303021.htm
関東,埼玉,つくばエクスプレス(秋葉原〜つくば),,http://ekikara.jp/newdata/line/0806011.htm
関東,埼玉,埼玉高速鉄道(赤羽岩淵〜浦和美園),,http://ekikara.jp/newdata/line/1102011.htm
関東,埼玉,[埼玉新都市交通]伊奈線(大宮〜内宿),,http://ekikara.jp/newdata/line/1103011.htm
関東,埼玉,[東武]越生線(坂戸〜越生),,http://ekikara.jp/newdata/line/1303121.htm
関東,埼玉,[西武]狭山線(西所沢〜西武球場前),,http://ekikara.jp/newdata/line/1304041.htm
関東,埼玉,秩父鉄道(羽生・西武秩父〜三峰口),,http://ekikara.jp/newdata/line/1101011.htm
関東,埼玉,[西武]秩父線(飯能〜御花畑・西武秩父),,http://ekikara.jp/newdata/line/1304021.htm
関東,埼玉,[西武]山口線(西武遊園地〜西武球場前),,http://ekikara.jp/newdata/line/1304121.htm
関東,群馬,[ＪＲ]北陸新幹線(東京〜金沢),,http://ekikara.jp/newdata/line/1301031.htm
関東,群馬,[ＪＲ]上越新幹線(東京〜ガーラ湯沢・新潟),,http://ekikara.jp/newdata/line/1301021.htm
関東,群馬,[ＪＲ]高崎線(上野〜高崎),,http://ekikara.jp/newdata/line/1301201.htm
関東,群馬,[ＪＲ]上越線(高崎〜長岡),,http://ekikara.jp/newdata/line/1301221.htm
関東,群馬,[ＪＲ]両毛線(高崎〜小山),,http://ekikara.jp/newdata/line/1301211.htm
関東,群馬,[ＪＲ]信越本線(高崎〜横川),,http://ekikara.jp/newdata/line/1301151.htm
関東,群馬,[ＪＲ]八高線(高麗川〜高崎),,http://ekikara.jp/newdata/line/1301642.htm
関東,群馬,[ＪＲ]吾妻線(渋川〜大前),,http://ekikara.jp/newdata/line/1301401.htm
関東,群馬,[東武]伊勢崎線(浅草・押上〜伊勢崎),,http://ekikara.jp/newdata/line/1303011.htm
関東,群馬,[東武]日光線(東武動物公園〜東武日光),,http://ekikara.jp/newdata/line/1303021.htm
関東,群馬,[東武]桐生線(太田〜赤城),,http://ekikara.jp/newdata/line/1303071.htm
関東,群馬,[東武]小泉線(館林〜西小泉),,http://ekikara.jp/newdata/line/1303061.htm
関東,群馬,[東武]佐野線(館林〜葛生),,http://ekikara.jp/newdata/line/1303051.htm
関東,群馬,[東武]小泉線(東小泉〜太田),,http://ekikara.jp/newdata/line/1303062.htm
関東,群馬,上毛電気鉄道(中央前橋〜西桐生),,http://ekikara.jp/newdata/line/1003011.htm
関東,群馬,上信電鉄(高崎〜下仁田),,http://ekikara.jp/newdata/line/1002011.htm
関東,群馬,わたらせ渓谷鐵道(桐生〜間藤),,http://ekikara.jp/newdata/line/1001011.htm
関東,群馬,[ＪＲバス]関東線(横川〜軽井沢),,http://ekikara.jp/newdata/line/1315011.htm
関東,栃木,[ＪＲ]東北新幹線(東京〜新青森),,http://ekikara.jp/newdata/line/1301011.htm
関東,栃木,[ＪＲ]東北本線(宇都宮線)(上野〜黒磯),,http://ekikara.jp/newdata/line/1301141.htm
関東,栃木,[ＪＲ]東北本線(黒磯〜利府・盛岡),,http://ekikara.jp/newdata/line/1301142.htm
関東,栃木,[ＪＲ]両毛線(高崎〜小山),,http://ekikara.jp/newdata/line/1301211.htm
関東,栃木,[ＪＲ]水戸線(小山〜友部),,http://ekikara.jp/newdata/line/1301281.htm
関東,栃木,[ＪＲ]日光線(宇都宮〜日光),,http://ekikara.jp/newdata/line/1301631.htm
関東,栃木,[ＪＲ]烏山線(宝積寺〜烏山),,http://ekikara.jp/newdata/line/1301531.htm
関東,栃木,[東武]伊勢崎線(浅草・押上〜伊勢崎),,http://ekikara.jp/newdata/line/1303011.htm
関東,栃木,[東武]日光線(東武動物公園〜東武日光),,http://ekikara.jp/newdata/line/1303021.htm
関東,栃木,[東武]宇都宮線(栃木〜東武宇都宮),,http://ekikara.jp/newdata/line/1303041.htm
関東,栃木,[東武]鬼怒川線(下今市〜新藤原),,http://ekikara.jp/newdata/line/1303031.htm
関東,栃木,[東武]佐野線(館林〜葛生),,http://ekikara.jp/newdata/line/1303051.htm
関東,栃木,[野岩鉄道]会津鬼怒川線(新藤原〜会津高原尾瀬口),,http://ekikara.jp/newdata/line/0902011.htm
関東,栃木,真岡鐵道(下館〜茂木),,http://ekikara.jp/newdata/line/0901011.htm
関東,栃木,わたらせ渓谷鐵道(桐生〜間藤),,http://ekikara.jp/newdata/line/1001011.htm
関東,茨城,[ＪＲ]常磐線「各駅停車」(綾瀬〜取手),,http://ekikara.jp/newdata/line/1301242.htm
関東,茨城,[ＪＲ]東北本線(宇都宮線)(上野〜黒磯),,http://ekikara.jp/newdata/line/1301141.htm
関東,茨城,[ＪＲ]常磐線(上野〜仙台),,http://ekikara.jp/newdata/line/1301241.htm
関東,茨城,[ＪＲ]常磐線「快速」(上野〜取手),,http://ekikara.jp/newdata/line/1301243.htm
関東,茨城,[ＪＲ]水郡線(水戸〜常陸太田・郡山),,http://ekikara.jp/newdata/line/1301581.htm
関東,茨城,[ＪＲ]鹿島線(佐原〜鹿島サッカースタジアム),,http://ekikara.jp/newdata/line/1301511.htm
関東,茨城,[ＪＲ]水戸線(小山〜友部),,http://ekikara.jp/newdata/line/1301281.htm
関東,茨城,つくばエクスプレス(秋葉原〜つくば),,http://ekikara.jp/newdata/line/0806011.htm
関東,茨城,[関東鉄道]常総線(取手〜下館),,http://ekikara.jp/newdata/line/0801011.htm
関東,茨城,[関東鉄道]竜ヶ崎線(佐貫〜竜ヶ崎),,http://ekikara.jp/newdata/line/0801021.htm
関東,茨城,[ひたちなか海浜鉄道]湊線(勝田〜阿字ヶ浦),,http://ekikara.jp/newdata/line/0804011.htm
関東,茨城,[鹿島臨海鉄道]大洗鹿島線(水戸〜鹿島サッカースタジアム),,http://ekikara.jp/newdata/line/0803011.htm
関東,茨城,真岡鐵道(下館〜茂木),,http://ekikara.jp/newdata/line/0901011.htm
北陸,新潟,[ＪＲ]北陸新幹線(東京〜金沢),,http://ekikara.jp/newdata/line/1301031.htm
北陸,新潟,[ＪＲ]上越新幹線(東京〜ガーラ湯沢・新潟),,http://ekikara.jp/newdata/line/1301021.htm
北陸,新潟,[ＪＲ]信越本線(直江津〜新潟),,http://ekikara.jp/newdata/line/1301153.htm
北陸,新潟,[ＪＲ]上越線(高崎〜長岡),,http://ekikara.jp/newdata/line/1301221.htm
北陸,新潟,[ＪＲ]羽越本線(新津〜秋田),,http://ekikara.jp/newdata/line/1301171.htm
北陸,新潟,[ＪＲ]越後線(柏崎〜新潟),,http://ekikara.jp/newdata/line/1301461.htm
北陸,新潟,[ＪＲ]白新線(新潟〜新発田),,http://ekikara.jp/newdata/line/1301381.htm
北陸,新潟,[ＪＲ]大糸線(松本〜糸魚川),,http://ekikara.jp/newdata/line/1301471.htm
北陸,新潟,[ＪＲ]只見線(会津若松〜小出),,http://ekikara.jp/newdata/line/1301601.htm
北陸,新潟,[ＪＲ]磐越西線(森と水とロマンの鉄道)(会津若松〜新津),,http://ekikara.jp/newdata/line/1301322.htm
北陸,新潟,[ＪＲ]飯山線(豊野〜越後川口),,http://ekikara.jp/newdata/line/1301421.htm
北陸,新潟,[ＪＲ]弥彦線(弥彦〜東三条),,http://ekikara.jp/newdata/line/1301681.htm
北陸,新潟,[ＪＲ]米坂線(米沢〜坂町),,http://ekikara.jp/newdata/line/1301701.htm
北陸,新潟,あいの風とやま鉄道(倶利伽羅〜市振),,http://ekikara.jp/newdata/line/1736011.htm
北陸,新潟,北しなの線(長野〜妙高高原),,http://ekikara.jp/newdata/line/2020011.htm
北陸,新潟,妙高はねうまライン(妙高高原〜直江津),,http://ekikara.jp/newdata/line/1522011.htm
北陸,新潟,[北越急行]ほくほく線(六日町〜犀潟),,http://ekikara.jp/newdata/line/1503011.htm
北陸,新潟,日本海ひすいライン(市振〜直江津),,http://ekikara.jp/newdata/line/2701092.htm
北陸,石川,[ＪＲ]北陸新幹線(東京〜金沢),,http://ekikara.jp/newdata/line/1301031.htm
北陸,石川,[ＪＲ]北陸本線(米原〜金沢),,http://ekikara.jp/newdata/line/2701091.htm
北陸,石川,[ＪＲ]七尾線(津幡〜和倉温泉),,http://ekikara.jp/newdata/line/2701421.htm
北陸,石川,[北陸鉄道]浅野川線(北鉄金沢〜内灘),,http://ekikara.jp/newdata/line/1701021.htm
北陸,石川,[北陸鉄道]石川線(野町〜鶴来),,http://ekikara.jp/newdata/line/1701011.htm
北陸,石川,あいの風とやま鉄道(倶利伽羅〜市振),,http://ekikara.jp/newdata/line/1736011.htm
北陸,石川,ＩＲいしかわ鉄道線(金沢〜倶利伽羅),,http://ekikara.jp/newdata/line/1720011.htm
北陸,石川,[のと鉄道]七尾線(和倉温泉〜穴水),,http://ekikara.jp/newdata/line/1702011.htm
北陸,福井,[ＪＲ]北陸本線(米原〜金沢),,http://ekikara.jp/newdata/line/2701091.htm
北陸,福井,[ＪＲ]小浜線(東舞鶴〜敦賀),,http://ekikara.jp/newdata/line/2701291.htm
北陸,福井,[ＪＲ]越美北線(九頭竜線)(福井〜九頭竜湖),,http://ekikara.jp/newdata/line/2701271.htm
北陸,福井,[福井鉄道]福武線(越前武生〜田原町),,http://ekikara.jp/newdata/line/1803011.htm
北陸,福井,[えちぜん鉄道]三国芦原線(福井〜三国港),,http://ekikara.jp/newdata/line/1802021.htm
北陸,福井,[えちぜん鉄道]勝山永平寺線(福井〜勝山),,http://ekikara.jp/newdata/line/1802011.htm
北陸,富山,[ＪＲ]北陸新幹線(東京〜金沢),,http://ekikara.jp/newdata/line/1301031.htm
北陸,富山,[ＪＲ]高山本線(岐阜〜富山),,http://ekikara.jp/newdata/line/2301101.htm
北陸,富山,[ＪＲ]城端線(高岡〜城端),,http://ekikara.jp/newdata/line/2701391.htm
北陸,富山,[ＪＲ]氷見線(高岡〜氷見),,http://ekikara.jp/newdata/line/2701441.htm
北陸,富山,[富山地鉄]市内線(南富山駅前〜大学前),,http://ekikara.jp/newdata/line/1601041.htm
北陸,富山,[富山地鉄]本線(電鉄富山〜宇奈月温泉),,http://ekikara.jp/newdata/line/1601011.htm
北陸,富山,[富山ライトレール]富山港線(富山駅北〜岩瀬浜),,http://ekikara.jp/newdata/line/1605011.htm
北陸,富山,万葉線(高岡駅〜越ノ潟),,http://ekikara.jp/newdata/line/1604011.htm
北陸,富山,[富山地鉄]市内環状線(富山駅〜富山駅),,http://ekikara.jp/newdata/line/1601051.htm
北陸,富山,[富山地鉄]不二越・上滝線(電鉄富山〜岩峅寺),,http://ekikara.jp/newdata/line/1601031.htm
北陸,富山,[富山地鉄]立山線(寺田〜立山),,http://ekikara.jp/newdata/line/1601021.htm
北陸,富山,あいの風とやま鉄道(倶利伽羅〜市振),,http://ekikara.jp/newdata/line/1736011.htm
中部,愛知,[ＪＲ]東海道新幹線(東京〜新大阪),,http://ekikara.jp/newdata/line/2301011.htm
中部,愛知,[ＪＲ]東海道本線(熱海〜美濃赤坂・米原),,http://ekikara.jp/newdata/line/2301031.htm
中部,愛知,[ＪＲ]中央本線(名古屋〜塩尻),,http://ekikara.jp/newdata/line/2301021.htm
中部,愛知,[ＪＲ]関西本線(名古屋〜亀山),,http://ekikara.jp/newdata/line/2301041.htm
中部,愛知,[ＪＲ]武豊線(大府〜武豊),,http://ekikara.jp/newdata/line/2301111.htm
中部,愛知,[ＪＲ]飯田線(豊橋〜天竜峡),,http://ekikara.jp/newdata/line/2301071.htm
中部,愛知,[名鉄]名古屋本線(豊橋〜名鉄岐阜),,http://ekikara.jp/newdata/line/2302011.htm
中部,愛知,[名鉄]犬山線(名鉄名古屋〜新鵜沼),,http://ekikara.jp/newdata/line/2302111.htm
中部,愛知,[近鉄]名古屋線(近鉄名古屋〜伊勢中川),,http://ekikara.jp/newdata/line/2705181.htm
中部,愛知,[名鉄]常滑線(名鉄名古屋〜常滑),,http://ekikara.jp/newdata/line/2302071.htm
中部,愛知,[名古屋市営]東山線(高畑〜藤が丘),,http://ekikara.jp/newdata/line/2306011.htm
中部,愛知,[名古屋市営]名城線(ナゴヤドーム前矢田〜ナゴヤドーム前矢田),,http://ekikara.jp/newdata/line/2306021.htm
中部,愛知,[名鉄]尾西線(弥富〜玉ノ井),,http://ekikara.jp/newdata/line/2302181.htm
中部,愛知,[名古屋市営]桜通線(中村区役所〜徳重),,http://ekikara.jp/newdata/line/2306041.htm
中部,愛知,[名古屋市営]鶴舞線(上小田井〜赤池),,http://ekikara.jp/newdata/line/2306031.htm
中部,愛知,[豊橋鉄道]東田本線(駅前〜赤岩口),,http://ekikara.jp/newdata/line/2305021.htm
中部,愛知,[名鉄]三河線(碧南〜猿投),,http://ekikara.jp/newdata/line/2302041.htm
中部,愛知,[名鉄]瀬戸線(栄町〜尾張瀬戸),,http://ekikara.jp/newdata/line/2302131.htm
中部,愛知,ゆとりーとライン(大曽根〜小幡緑地),,http://ekikara.jp/newdata/line/2308011.htm
中部,愛知,[名鉄]河和線(太田川〜河和),,http://ekikara.jp/newdata/line/2302091.htm
中部,愛知,[名古屋市営]名港線(金山〜名古屋港),,http://ekikara.jp/newdata/line/2306022.htm
中部,愛知,[名鉄]空港線(常滑〜中部国際空港),,http://ekikara.jp/newdata/line/2302271.htm
中部,愛知,[名鉄]広見線(犬山〜御嵩),,http://ekikara.jp/newdata/line/2302151.htm
中部,愛知,東部丘陵線(リニモ)(藤が丘〜八草),,http://ekikara.jp/newdata/line/2310011.htm
中部,愛知,[名鉄]津島線(須ヶ口〜津島),,http://ekikara.jp/newdata/line/2302171.htm
中部,愛知,[名鉄]小牧線(上飯田〜犬山),,http://ekikara.jp/newdata/line/2302141.htm
中部,愛知,[名古屋市営]上飯田線(平安通〜上飯田),,http://ekikara.jp/newdata/line/2306051.htm
中部,愛知,[名鉄]豊田線(豊田市〜赤池),,http://ekikara.jp/newdata/line/2302051.htm
中部,愛知,[名鉄]西尾線(新安城〜吉良吉田),,http://ekikara.jp/newdata/line/2302021.htm
中部,愛知,[豊橋鉄道]運動公園前線(井原〜運動公園前),,http://ekikara.jp/newdata/line/2305031.htm
中部,愛知,[名鉄]豊川線(国府〜豊川稲荷),,http://ekikara.jp/newdata/line/2302061.htm
中部,愛知,[名鉄]知多新線(富貴〜内海),,http://ekikara.jp/newdata/line/2302101.htm
中部,愛知,[豊橋鉄道]渥美線(新豊橋〜三河田原),,http://ekikara.jp/newdata/line/2305011.htm
中部,愛知,[名鉄]蒲郡線(吉良吉田〜蒲郡),,http://ekikara.jp/newdata/line/2302031.htm
中部,愛知,[名鉄]築港線(大江〜東名古屋港),,http://ekikara.jp/newdata/line/2302081.htm
中部,愛知,西名古屋港線(あおなみ線)(名古屋〜金城ふ頭),,http://ekikara.jp/newdata/line/2309011.htm
中部,愛知,愛知環状鉄道(岡崎〜高蔵寺),,http://ekikara.jp/newdata/line/2304011.htm
中部,愛知,[東海交通事業]城北線(枇杷島〜勝川),,http://ekikara.jp/newdata/line/2303011.htm
中部,三重,[ＪＲ]関西本線(名古屋〜亀山),,http://ekikara.jp/newdata/line/2301041.htm
中部,三重,[ＪＲ]紀勢本線(亀山〜新宮),,http://ekikara.jp/newdata/line/2301051.htm
中部,三重,[ＪＲ]草津線(柘植〜草津),,http://ekikara.jp/newdata/line/2701171.htm
中部,三重,[ＪＲ]参宮線(多気〜鳥羽),,http://ekikara.jp/newdata/line/2301081.htm
中部,三重,[ＪＲ]関西本線(亀山〜加茂),,http://ekikara.jp/newdata/line/2701061.htm
中部,三重,[ＪＲ]名松線(松阪〜伊勢奥津),,http://ekikara.jp/newdata/line/2301131.htm
中部,三重,[近鉄]大阪線(大阪上本町〜伊勢中川),,http://ekikara.jp/newdata/line/2705011.htm
中部,三重,[近鉄]名古屋線(近鉄名古屋〜伊勢中川),,http://ekikara.jp/newdata/line/2705181.htm
中部,三重,[近鉄]山田線(伊勢中川〜宇治山田),,http://ekikara.jp/newdata/line/2705191.htm
中部,三重,[近鉄]鳥羽線(宇治山田〜鳥羽),,http://ekikara.jp/newdata/line/2705201.htm
中部,三重,[近鉄]志摩線(鳥羽〜賢島),,http://ekikara.jp/newdata/line/2705211.htm
中部,三重,[養老鉄道]養老線(桑名〜揖斐),,http://ekikara.jp/newdata/line/2705221.htm
中部,三重,[近鉄]鈴鹿線(伊勢若松〜平田町),,http://ekikara.jp/newdata/line/2705251.htm
中部,三重,[近鉄]湯の山線(近鉄四日市〜湯の山温泉),,http://ekikara.jp/newdata/line/2705241.htm
中部,三重,[伊賀鉄道]伊賀線(伊賀上野〜伊賀神戸),,http://ekikara.jp/newdata/line/2705171.htm
中部,三重,[四日市あすなろう鉄道]内部線(あすなろう四日市〜内部),,http://ekikara.jp/newdata/line/2705261.htm
中部,三重,[四日市あすなろう鉄道]八王子線(あすなろう四日市〜西日野),,http://ekikara.jp/newdata/line/2705271.htm
中部,三重,[三岐鉄道]北勢線(西桑名〜阿下喜),,http://ekikara.jp/newdata/line/2401021.htm
中部,三重,[三岐鉄道]三岐線(近鉄富田〜西藤原),,http://ekikara.jp/newdata/line/2401011.htm
中部,三重,伊勢鉄道(河原田〜津),,http://ekikara.jp/newdata/line/2402011.htm
中部,岐阜,[ＪＲ]東海道新幹線(東京〜新大阪),,http://ekikara.jp/newdata/line/2301011.htm
中部,岐阜,[ＪＲ]東海道本線(熱海〜美濃赤坂・米原),,http://ekikara.jp/newdata/line/2301031.htm
中部,岐阜,[ＪＲ]中央本線(名古屋〜塩尻),,http://ekikara.jp/newdata/line/2301021.htm
中部,岐阜,[ＪＲ]高山本線(岐阜〜富山),,http://ekikara.jp/newdata/line/2301101.htm
中部,岐阜,[ＪＲ]太多線(多治見〜美濃太田),,http://ekikara.jp/newdata/line/2301091.htm
中部,岐阜,[名鉄]名古屋本線(豊橋〜名鉄岐阜),,http://ekikara.jp/newdata/line/2302011.htm
中部,岐阜,[名鉄]犬山線(名鉄名古屋〜新鵜沼),,http://ekikara.jp/newdata/line/2302111.htm
中部,岐阜,[名鉄]広見線(犬山〜御嵩),,http://ekikara.jp/newdata/line/2302151.htm
中部,岐阜,[名鉄]各務原線(新鵜沼〜名鉄岐阜),,http://ekikara.jp/newdata/line/2302121.htm
中部,岐阜,[名鉄]竹鼻線(笠松〜江吉良),,http://ekikara.jp/newdata/line/2302191.htm
中部,岐阜,[名鉄]羽島線(江吉良〜新羽島),,http://ekikara.jp/newdata/line/2302201.htm
中部,岐阜,[養老鉄道]養老線(桑名〜揖斐),,http://ekikara.jp/newdata/line/2705221.htm
中部,岐阜,[長良川鉄道]越美南線(美濃太田〜北濃),,http://ekikara.jp/newdata/line/2102011.htm
中部,岐阜,明知鉄道(恵那〜明智),,http://ekikara.jp/newdata/line/2101011.htm
中部,岐阜,樽見鉄道(大垣〜樽見),,http://ekikara.jp/newdata/line/2103011.htm
中部,静岡,[ＪＲ]東海道新幹線(東京〜新大阪),,http://ekikara.jp/newdata/line/2301011.htm
中部,静岡,[ＪＲ]東海道本線(熱海〜美濃赤坂・米原),,http://ekikara.jp/newdata/line/2301031.htm
中部,静岡,[ＪＲ]東海道本線(東京〜熱海),,http://ekikara.jp/newdata/line/1301131.htm
中部,静岡,[ＪＲ]飯田線(豊橋〜天竜峡),,http://ekikara.jp/newdata/line/2301071.htm
中部,静岡,[ＪＲ]身延線(富士〜甲府),,http://ekikara.jp/newdata/line/2301121.htm
中部,静岡,[ＪＲ]伊東線(熱海〜伊東),,http://ekikara.jp/newdata/line/1301311.htm
中部,静岡,[ＪＲ]御殿場線(国府津〜沼津),,http://ekikara.jp/newdata/line/2301061.htm
中部,静岡,[静岡鉄道]静岡清水線(新静岡〜新清水),,http://ekikara.jp/newdata/line/2204011.htm
中部,静岡,遠州鉄道(新浜松〜西鹿島),,http://ekikara.jp/newdata/line/2206011.htm
中部,静岡,[伊豆箱根鉄道]駿豆線(三島〜修善寺),,http://ekikara.jp/newdata/line/2202011.htm
中部,静岡,伊豆急行(伊東〜伊豆急下田),,http://ekikara.jp/newdata/line/2201011.htm
中部,静岡,岳南電車(吉原〜岳南江尾),,http://ekikara.jp/newdata/line/2203011.htm
中部,静岡,[大井川鐵道]大井川本線(金谷〜千頭),,http://ekikara.jp/newdata/line/2207011.htm
中部,静岡,[大井川鐵道]井川線(千頭〜井川),,http://ekikara.jp/newdata/line/2207021.htm
中部,静岡,天竜浜名湖鉄道(掛川〜新所原),,http://ekikara.jp/newdata/line/2205011.htm
中部,山梨,[ＪＲ]中央本線(東京〜塩尻),,http://ekikara.jp/newdata/line/1301061.htm
中部,山梨,[ＪＲ]身延線(富士〜甲府),,http://ekikara.jp/newdata/line/2301121.htm
中部,山梨,[ＪＲ]小海線(八ヶ岳高原線)(小淵沢〜小諸),,http://ekikara.jp/newdata/line/1301561.htm
中部,山梨,富士急行(大月〜河口湖),,http://ekikara.jp/newdata/line/1901011.htm
中部,長野,[ＪＲ]北陸新幹線(東京〜金沢),,http://ekikara.jp/newdata/line/1301031.htm
中部,長野,[ＪＲ]中央本線(名古屋〜塩尻),,http://ekikara.jp/newdata/line/2301021.htm
中部,長野,[ＪＲ]中央本線(東京〜塩尻),,http://ekikara.jp/newdata/line/1301061.htm
中部,長野,[ＪＲ]篠ノ井線(塩尻〜長野),,http://ekikara.jp/newdata/line/1301391.htm
中部,長野,[ＪＲ]飯田線(豊橋〜天竜峡),,http://ekikara.jp/newdata/line/2301071.htm
中部,長野,[ＪＲ]大糸線(松本〜糸魚川),,http://ekikara.jp/newdata/line/1301471.htm
中部,長野,[ＪＲ]信越本線(篠ノ井〜長野),,http://ekikara.jp/newdata/line/1301152.htm
中部,長野,[ＪＲ]飯田線(天竜峡〜辰野),,http://ekikara.jp/newdata/line/2301072.htm
中部,長野,[ＪＲ]飯山線(豊野〜越後川口),,http://ekikara.jp/newdata/line/1301421.htm
中部,長野,[ＪＲ]小海線(八ヶ岳高原線)(小淵沢〜小諸),,http://ekikara.jp/newdata/line/1301561.htm
中部,長野,[長野電鉄]長野線(長野〜湯田中),,http://ekikara.jp/newdata/line/2003011.htm
中部,長野,[上田電鉄]別所線(上田〜別所温泉),,http://ekikara.jp/newdata/line/2002011.htm
中部,長野,[アルピコ交通]上高地線(松本〜新島々),,http://ekikara.jp/newdata/line/2004011.htm
中部,長野,しなの鉄道(軽井沢〜篠ノ井),,http://ekikara.jp/newdata/line/2001011.htm
中部,長野,北しなの線(長野〜妙高高原),,http://ekikara.jp/newdata/line/2020011.htm
中部,長野,[ＪＲバス]関東線(横川〜軽井沢),,http://ekikara.jp/newdata/line/1315011.htm
関西,大阪（全域）,[ＪＲ]東海道新幹線(東京〜新大阪),,http://ekikara.jp/newdata/line/2301011.htm
関西,大阪（全域）,[ＪＲ]山陽新幹線(新大阪〜博多),,http://ekikara.jp/newdata/line/2701011.htm
関西,大阪（全域）,[ＪＲ]東海道本線(神戸線)(大阪〜神戸),,http://ekikara.jp/newdata/line/2701043.htm
関西,大阪（全域）,[ＪＲ]東海道本線(京都線)(京都〜大阪),,http://ekikara.jp/newdata/line/2701042.htm
関西,大阪（全域）,[ＪＲ]大阪環状線(天王寺〜天王寺),,http://ekikara.jp/newdata/line/2701031.htm
関西,大阪（全域）,[ＪＲ]阪和線(天王寺〜和歌山),,http://ekikara.jp/newdata/line/2701121.htm
関西,大阪（全域）,[ＪＲ]関西本線(大和路線)(加茂〜ＪＲ難波),,http://ekikara.jp/newdata/line/2701062.htm
関西,大阪（全域）,[ＪＲ]片町線(学研都市線)(木津〜京橋),,http://ekikara.jp/newdata/line/2701141.htm
関西,大阪（全域）,[ＪＲ]福知山線(宝塚線)(新大阪〜篠山口),,http://ekikara.jp/newdata/line/2701181.htm
関西,大阪（全域）,[ＪＲ]東西線(京橋〜尼崎),,http://ekikara.jp/newdata/line/2701111.htm
関西,大阪（全域）,[ＪＲ]桜島線(ゆめ咲線)(西九条〜桜島),,http://ekikara.jp/newdata/line/2701101.htm
関西,大阪（全域）,[ＪＲ]関西空港線(日根野〜関西空港),,http://ekikara.jp/newdata/line/2701131.htm
関西,大阪（全域）,[ＪＲ]おおさか東線(放出〜久宝寺),,http://ekikara.jp/newdata/line/2701032.htm
関西,大阪（全域）,[ＪＲ]阪和線(鳳〜東羽衣),,http://ekikara.jp/newdata/line/2701122.htm
関西,大阪（全域）,[阪急]京都本線(河原町〜梅田),,http://ekikara.jp/newdata/line/2703011.htm
関西,大阪（全域）,[阪神]本線(梅田〜元町),,http://ekikara.jp/newdata/line/2702011.htm
関西,大阪（全域）,[京阪]京阪本線(三条〜淀屋橋),,http://ekikara.jp/newdata/line/2706011.htm
関西,大阪（全域）,[近鉄]奈良線(大阪上本町〜近鉄奈良),,http://ekikara.jp/newdata/line/2705031.htm
関西,大阪（全域）,[近鉄]大阪線(大阪上本町〜伊勢中川),,http://ekikara.jp/newdata/line/2705011.htm
関西,大阪（全域）,[近鉄]南大阪線(大阪阿部野橋〜橿原神宮前),,http://ekikara.jp/newdata/line/2705121.htm
関西,大阪（全域）,[近鉄]難波線(大阪難波〜大阪上本町),,http://ekikara.jp/newdata/line/2705021.htm
関西,大阪（全域）,[南海]高野線(りんかんサンライン)(難波〜極楽橋),,http://ekikara.jp/newdata/line/2707021.htm
関西,大阪（全域）,[大阪市営]御堂筋線(江坂〜なかもず),,http://ekikara.jp/newdata/line/2710011.htm
関西,大阪（全域）,[阪急]神戸本線(梅田〜三宮),,http://ekikara.jp/newdata/line/2703031.htm
関西,大阪（全域）,[南海]本線(難波〜和歌山市),,http://ekikara.jp/newdata/line/2707011.htm
関西,大阪（全域）,[阪急]宝塚本線(梅田〜宝塚),,http://ekikara.jp/newdata/line/2703041.htm
関西,大阪（全域）,[能勢電鉄]妙見線(川西能勢口〜妙見口),,http://ekikara.jp/newdata/line/2805011.htm
関西,大阪（全域）,[大阪市営]谷町線(大日〜八尾南),,http://ekikara.jp/newdata/line/2710021.htm
関西,大阪（全域）,[大阪市営]南港ポートタウン線(コスモスクエア〜住之江公園),,http://ekikara.jp/newdata/line/2710081.htm
関西,大阪（全域）,[阪堺電軌]阪堺線(恵美須町〜浜寺駅前),,http://ekikara.jp/newdata/line/2713021.htm
関西,大阪（全域）,[阪急]千里線(北千里〜天神橋筋六丁目),,http://ekikara.jp/newdata/line/2703021.htm
関西,大阪（全域）,[大阪市営]堺筋線(天神橋筋六丁目〜天下茶屋),,http://ekikara.jp/newdata/line/2710061.htm
関西,大阪（全域）,[大阪市営]四つ橋線(西梅田〜住之江公園),,http://ekikara.jp/newdata/line/2710031.htm
関西,大阪（全域）,[大阪市営]長堀鶴見緑地線(大正〜門真南),,http://ekikara.jp/newdata/line/2710071.htm
関西,大阪（全域）,[大阪市営]中央線(コスモスクエア〜長田),,http://ekikara.jp/newdata/line/2710041.htm
関西,大阪（全域）,[阪堺電軌]上町線(天王寺駅前〜住吉),,http://ekikara.jp/newdata/line/2713011.htm
関西,大阪（全域）,[大阪市営]千日前線(野田阪神〜南巽),,http://ekikara.jp/newdata/line/2710051.htm
関西,大阪（全域）,[近鉄]けいはんな線(長田〜学研奈良登美ケ丘),,http://ekikara.jp/newdata/line/2705101.htm
関西,大阪（全域）,[阪神]なんば線(大阪難波〜尼崎),,http://ekikara.jp/newdata/line/2702021.htm
関西,大阪（全域）,北大阪急行電鉄(千里中央〜江坂),,http://ekikara.jp/newdata/line/2704011.htm
関西,大阪（全域）,[大阪市営]今里筋線(井高野〜今里),,http://ekikara.jp/newdata/line/2710091.htm
関西,大阪（全域）,大阪モノレール線(大阪空港〜門真市),,http://ekikara.jp/newdata/line/2712011.htm
関西,大阪（全域）,泉北高速鉄道線(中百舌鳥〜和泉中央),,http://ekikara.jp/newdata/line/2708011.htm
関西,大阪（全域）,[京阪]中之島線(天満橋〜中之島),,http://ekikara.jp/newdata/line/2706081.htm
関西,大阪（全域）,[京阪]交野線(枚方市〜私市),,http://ekikara.jp/newdata/line/2706031.htm
関西,大阪（全域）,[阪急]箕面線(石橋〜箕面),,http://ekikara.jp/newdata/line/2703071.htm
関西,大阪（全域）,[南海]空港線(泉佐野〜関西空港),,http://ekikara.jp/newdata/line/2707031.htm
関西,大阪（全域）,大阪モノレール彩都線(万博記念公園〜彩都西),,http://ekikara.jp/newdata/line/2712021.htm
関西,大阪（全域）,[近鉄]長野線(古市〜河内長野),,http://ekikara.jp/newdata/line/2705161.htm
関西,大阪（全域）,[南海]高師浜線(羽衣〜高師浜),,http://ekikara.jp/newdata/line/2707041.htm
関西,大阪（全域）,[近鉄]信貴線(河内山本〜信貴山口),,http://ekikara.jp/newdata/line/2705091.htm
関西,大阪（全域）,[近鉄]道明寺線(道明寺〜柏原),,http://ekikara.jp/newdata/line/2705141.htm
関西,大阪（全域）,[南海]多奈川線(みさき公園〜多奈川),,http://ekikara.jp/newdata/line/2707051.htm
関西,大阪（全域）,[南海]汐見橋線(汐見橋〜岸里玉出),,http://ekikara.jp/newdata/line/2707091.htm
関西,大阪（全域）,水間鉄道(貝塚〜水間観音),,http://ekikara.jp/newdata/line/2709011.htm
関西,大阪（全域）,[近鉄]西信貴ケーブル(信貴山口〜高安山),,http://ekikara.jp/newdata/line/2705291.htm
関西,大阪（地下鉄）,[ＪＲ]東海道新幹線(東京〜新大阪),,http://ekikara.jp/newdata/line/2301011.htm
関西,大阪（地下鉄）,[ＪＲ]山陽新幹線(新大阪〜博多),,http://ekikara.jp/newdata/line/2701011.htm
関西,大阪（地下鉄）,[ＪＲ]東海道本線(神戸線)(大阪〜神戸),,http://ekikara.jp/newdata/line/2701043.htm
関西,大阪（地下鉄）,[ＪＲ]東海道本線(京都線)(京都〜大阪),,http://ekikara.jp/newdata/line/2701042.htm
関西,大阪（地下鉄）,[ＪＲ]大阪環状線(天王寺〜天王寺),,http://ekikara.jp/newdata/line/2701031.htm
関西,大阪（地下鉄）,[ＪＲ]阪和線(天王寺〜和歌山),,http://ekikara.jp/newdata/line/2701121.htm
関西,大阪（地下鉄）,[ＪＲ]関西本線(大和路線)(加茂〜ＪＲ難波),,http://ekikara.jp/newdata/line/2701062.htm
関西,大阪（地下鉄）,[ＪＲ]片町線(学研都市線)(木津〜京橋),,http://ekikara.jp/newdata/line/2701141.htm
関西,大阪（地下鉄）,[ＪＲ]福知山線(宝塚線)(新大阪〜篠山口),,http://ekikara.jp/newdata/line/2701181.htm
関西,大阪（地下鉄）,[ＪＲ]東西線(京橋〜尼崎),,http://ekikara.jp/newdata/line/2701111.htm
関西,大阪（地下鉄）,[ＪＲ]桜島線(ゆめ咲線)(西九条〜桜島),,http://ekikara.jp/newdata/line/2701101.htm
関西,大阪（地下鉄）,[ＪＲ]関西空港線(日根野〜関西空港),,http://ekikara.jp/newdata/line/2701131.htm
関西,大阪（地下鉄）,[ＪＲ]おおさか東線(放出〜久宝寺),,http://ekikara.jp/newdata/line/2701032.htm
関西,大阪（地下鉄）,[ＪＲ]阪和線(鳳〜東羽衣),,http://ekikara.jp/newdata/line/2701122.htm
関西,大阪（地下鉄）,[阪急]京都本線(河原町〜梅田),,http://ekikara.jp/newdata/line/2703011.htm
関西,大阪（地下鉄）,[阪神]本線(梅田〜元町),,http://ekikara.jp/newdata/line/2702011.htm
関西,大阪（地下鉄）,[京阪]京阪本線(三条〜淀屋橋),,http://ekikara.jp/newdata/line/2706011.htm
関西,大阪（地下鉄）,[近鉄]奈良線(大阪上本町〜近鉄奈良),,http://ekikara.jp/newdata/line/2705031.htm
関西,大阪（地下鉄）,[近鉄]大阪線(大阪上本町〜伊勢中川),,http://ekikara.jp/newdata/line/2705011.htm
関西,大阪（地下鉄）,[近鉄]南大阪線(大阪阿部野橋〜橿原神宮前),,http://ekikara.jp/newdata/line/2705121.htm
関西,大阪（地下鉄）,[近鉄]難波線(大阪難波〜大阪上本町),,http://ekikara.jp/newdata/line/2705021.htm
関西,大阪（地下鉄）,[南海]高野線(りんかんサンライン)(難波〜極楽橋),,http://ekikara.jp/newdata/line/2707021.htm
関西,大阪（地下鉄）,[大阪市営]御堂筋線(江坂〜なかもず),,http://ekikara.jp/newdata/line/2710011.htm
関西,大阪（地下鉄）,[阪急]神戸本線(梅田〜三宮),,http://ekikara.jp/newdata/line/2703031.htm
関西,大阪（地下鉄）,[南海]本線(難波〜和歌山市),,http://ekikara.jp/newdata/line/2707011.htm
関西,大阪（地下鉄）,[阪急]宝塚本線(梅田〜宝塚),,http://ekikara.jp/newdata/line/2703041.htm
関西,大阪（地下鉄）,[能勢電鉄]妙見線(川西能勢口〜妙見口),,http://ekikara.jp/newdata/line/2805011.htm
関西,大阪（地下鉄）,[大阪市営]谷町線(大日〜八尾南),,http://ekikara.jp/newdata/line/2710021.htm
関西,大阪（地下鉄）,[大阪市営]南港ポートタウン線(コスモスクエア〜住之江公園),,http://ekikara.jp/newdata/line/2710081.htm
関西,大阪（地下鉄）,[阪堺電軌]阪堺線(恵美須町〜浜寺駅前),,http://ekikara.jp/newdata/line/2713021.htm
関西,大阪（地下鉄）,[阪急]千里線(北千里〜天神橋筋六丁目),,http://ekikara.jp/newdata/line/2703021.htm
関西,大阪（地下鉄）,[大阪市営]堺筋線(天神橋筋六丁目〜天下茶屋),,http://ekikara.jp/newdata/line/2710061.htm
関西,大阪（地下鉄）,[大阪市営]四つ橋線(西梅田〜住之江公園),,http://ekikara.jp/newdata/line/2710031.htm
関西,大阪（地下鉄）,[大阪市営]長堀鶴見緑地線(大正〜門真南),,http://ekikara.jp/newdata/line/2710071.htm
関西,大阪（地下鉄）,[大阪市営]中央線(コスモスクエア〜長田),,http://ekikara.jp/newdata/line/2710041.htm
関西,大阪（地下鉄）,[阪堺電軌]上町線(天王寺駅前〜住吉),,http://ekikara.jp/newdata/line/2713011.htm
関西,大阪（地下鉄）,[大阪市営]千日前線(野田阪神〜南巽),,http://ekikara.jp/newdata/line/2710051.htm
関西,大阪（地下鉄）,[近鉄]けいはんな線(長田〜学研奈良登美ケ丘),,http://ekikara.jp/newdata/line/2705101.htm
関西,大阪（地下鉄）,[阪神]なんば線(大阪難波〜尼崎),,http://ekikara.jp/newdata/line/2702021.htm
関西,大阪（地下鉄）,北大阪急行電鉄(千里中央〜江坂),,http://ekikara.jp/newdata/line/2704011.htm
関西,大阪（地下鉄）,[大阪市営]今里筋線(井高野〜今里),,http://ekikara.jp/newdata/line/2710091.htm
関西,大阪（地下鉄）,大阪モノレール線(大阪空港〜門真市),,http://ekikara.jp/newdata/line/2712011.htm
関西,大阪（地下鉄）,泉北高速鉄道線(中百舌鳥〜和泉中央),,http://ekikara.jp/newdata/line/2708011.htm
関西,大阪（地下鉄）,[京阪]中之島線(天満橋〜中之島),,http://ekikara.jp/newdata/line/2706081.htm
関西,大阪（地下鉄）,[京阪]交野線(枚方市〜私市),,http://ekikara.jp/newdata/line/2706031.htm
関西,大阪（地下鉄）,[阪急]箕面線(石橋〜箕面),,http://ekikara.jp/newdata/line/2703071.htm
関西,大阪（地下鉄）,[南海]空港線(泉佐野〜関西空港),,http://ekikara.jp/newdata/line/2707031.htm
関西,大阪（地下鉄）,大阪モノレール彩都線(万博記念公園〜彩都西),,http://ekikara.jp/newdata/line/2712021.htm
関西,大阪（地下鉄）,[近鉄]長野線(古市〜河内長野),,http://ekikara.jp/newdata/line/2705161.htm
関西,大阪（地下鉄）,[南海]高師浜線(羽衣〜高師浜),,http://ekikara.jp/newdata/line/2707041.htm
関西,大阪（地下鉄）,[近鉄]信貴線(河内山本〜信貴山口),,http://ekikara.jp/newdata/line/2705091.htm
関西,大阪（地下鉄）,[近鉄]道明寺線(道明寺〜柏原),,http://ekikara.jp/newdata/line/2705141.htm
関西,大阪（地下鉄）,[南海]多奈川線(みさき公園〜多奈川),,http://ekikara.jp/newdata/line/2707051.htm
関西,大阪（地下鉄）,[南海]汐見橋線(汐見橋〜岸里玉出),,http://ekikara.jp/newdata/line/2707091.htm
関西,大阪（地下鉄）,水間鉄道(貝塚〜水間観音),,http://ekikara.jp/newdata/line/2709011.htm
関西,大阪（地下鉄）,[近鉄]西信貴ケーブル(信貴山口〜高安山),,http://ekikara.jp/newdata/line/2705291.htm
関西,京都,[ＪＲ]東海道新幹線(東京〜新大阪),,http://ekikara.jp/newdata/line/2301011.htm
関西,京都,[ＪＲ]東海道本線(京都線)(京都〜大阪),,http://ekikara.jp/newdata/line/2701042.htm
関西,京都,[ＪＲ]関西本線(大和路線)(加茂〜ＪＲ難波),,http://ekikara.jp/newdata/line/2701062.htm
関西,京都,[ＪＲ]片町線(学研都市線)(木津〜京橋),,http://ekikara.jp/newdata/line/2701141.htm
関西,京都,[ＪＲ]東海道本線(琵琶湖線)(米原〜京都),,http://ekikara.jp/newdata/line/2701041.htm
関西,京都,[ＪＲ]山陰本線(園部〜米子),,http://ekikara.jp/newdata/line/2701072.htm
関西,京都,[ＪＲ]奈良線(京都〜奈良),,http://ekikara.jp/newdata/line/2701151.htm
関西,京都,[ＪＲ]湖西線(京都〜近江塩津),,http://ekikara.jp/newdata/line/2701161.htm
関西,京都,[ＪＲ]山陰本線(嵯峨野線)(京都〜園部),,http://ekikara.jp/newdata/line/2701071.htm
関西,京都,[ＪＲ]福知山線(篠山口〜福知山),,http://ekikara.jp/newdata/line/2701182.htm
関西,京都,[ＪＲ]舞鶴線(福知山〜東舞鶴),,http://ekikara.jp/newdata/line/2701461.htm
関西,京都,[ＪＲ]関西本線(亀山〜加茂),,http://ekikara.jp/newdata/line/2701061.htm
関西,京都,[ＪＲ]小浜線(東舞鶴〜敦賀),,http://ekikara.jp/newdata/line/2701291.htm
関西,京都,[阪急]京都本線(河原町〜梅田),,http://ekikara.jp/newdata/line/2703011.htm
関西,京都,[京阪]京阪本線(三条〜淀屋橋),,http://ekikara.jp/newdata/line/2706011.htm
関西,京都,[近鉄]京都線(京都〜近鉄奈良),,http://ekikara.jp/newdata/line/2705041.htm
関西,京都,[京阪]鴨東線(出町柳〜三条),,http://ekikara.jp/newdata/line/2706021.htm
関西,京都,[京都市営]東西線(六地蔵〜太秦天神川),,http://ekikara.jp/newdata/line/2604021.htm
関西,京都,[叡山電鉄]叡山本線(出町柳〜八瀬比叡山口),,http://ekikara.jp/newdata/line/2602011.htm
関西,京都,[京都市営]烏丸線(国際会館〜竹田),,http://ekikara.jp/newdata/line/2604011.htm
関西,京都,[京阪]宇治線(中書島〜宇治),,http://ekikara.jp/newdata/line/2706041.htm
関西,京都,[京福電鉄]嵐山本線(四条大宮〜嵐山),,http://ekikara.jp/newdata/line/1801041.htm
関西,京都,[叡山電鉄]鞍馬線(宝ヶ池〜鞍馬),,http://ekikara.jp/newdata/line/2602021.htm
関西,京都,[京阪]京津線(御陵〜浜大津),,http://ekikara.jp/newdata/line/2706051.htm
関西,京都,[阪急]嵐山線(桂〜嵐山),,http://ekikara.jp/newdata/line/2703061.htm
関西,京都,[京福電鉄]北野線(帷子ノ辻〜北野白梅町),,http://ekikara.jp/newdata/line/1801051.htm
関西,京都,[京阪]男山ケーブル(八幡市〜男山山上),,http://ekikara.jp/newdata/line/2706071.htm
関西,京都,[京都丹後鉄道]宮豊線(宮津〜豊岡),,http://ekikara.jp/newdata/line/2603022.htm
関西,京都,[京都丹後鉄道]宮福線(福知山〜宮津),,http://ekikara.jp/newdata/line/2603011.htm
関西,京都,[京都丹後鉄道]宮舞線(西舞鶴〜宮津),,http://ekikara.jp/newdata/line/2603021.htm
関西,兵庫,[ＪＲ]山陽新幹線(新大阪〜博多),,http://ekikara.jp/newdata/line/2701011.htm
関西,兵庫,[ＪＲ]東海道本線(神戸線)(大阪〜神戸),,http://ekikara.jp/newdata/line/2701043.htm
関西,兵庫,[ＪＲ]山陽本線(神戸線)(神戸〜姫路),,http://ekikara.jp/newdata/line/2701051.htm
関西,兵庫,[ＪＲ]山陽本線(姫路〜門司),,http://ekikara.jp/newdata/line/2701052.htm
関西,兵庫,[ＪＲ]福知山線(宝塚線)(新大阪〜篠山口),,http://ekikara.jp/newdata/line/2701181.htm
関西,兵庫,[ＪＲ]東西線(京橋〜尼崎),,http://ekikara.jp/newdata/line/2701111.htm
関西,兵庫,[ＪＲ]山陰本線(園部〜米子),,http://ekikara.jp/newdata/line/2701072.htm
関西,兵庫,[ＪＲ]赤穂線(相生〜岡山),,http://ekikara.jp/newdata/line/2701251.htm
関西,兵庫,[ＪＲ]播但線(姫路〜和田山),,http://ekikara.jp/newdata/line/2701431.htm
関西,兵庫,[ＪＲ]加古川線(加古川〜谷川),,http://ekikara.jp/newdata/line/2701301.htm
関西,兵庫,[ＪＲ]姫新線(姫路〜佐用),,http://ekikara.jp/newdata/line/2701331.htm
関西,兵庫,[ＪＲ]福知山線(篠山口〜福知山),,http://ekikara.jp/newdata/line/2701182.htm
関西,兵庫,[ＪＲ]姫新線(佐用〜新見),,http://ekikara.jp/newdata/line/2701332.htm
関西,兵庫,[ＪＲ]山陽本線(兵庫〜和田岬),,http://ekikara.jp/newdata/line/2701053.htm
関西,兵庫,[神戸高速]東西線(三宮・元町〜西代),,http://ekikara.jp/newdata/line/2801011.htm
関西,兵庫,[阪神]本線(梅田〜元町),,http://ekikara.jp/newdata/line/2702011.htm
関西,兵庫,[神鉄]有馬線(湊川〜有馬温泉),,http://ekikara.jp/newdata/line/2802011.htm
関西,兵庫,[阪急]神戸本線(梅田〜三宮),,http://ekikara.jp/newdata/line/2703031.htm
関西,兵庫,[阪急]今津線(今津〜宝塚),,http://ekikara.jp/newdata/line/2703051.htm
関西,兵庫,[阪急]宝塚本線(梅田〜宝塚),,http://ekikara.jp/newdata/line/2703041.htm
関西,兵庫,[能勢電鉄]妙見線(川西能勢口〜妙見口),,http://ekikara.jp/newdata/line/2805011.htm
関西,兵庫,[神戸新交通]ポートアイランド線(三宮〜神戸空港・三宮),,http://ekikara.jp/newdata/line/2809011.htm
関西,兵庫,[山陽電鉄]本線(西代〜山陽姫路),,http://ekikara.jp/newdata/line/2804011.htm
関西,兵庫,[神戸新交通]六甲アイランド線(住吉〜マリンパーク),,http://ekikara.jp/newdata/line/2809021.htm
関西,兵庫,[神戸高速]南北線(新開地〜湊川),,http://ekikara.jp/newdata/line/2801021.htm
関西,兵庫,[神戸市営]西神線(新長田〜西神中央),,http://ekikara.jp/newdata/line/2808011.htm
関西,兵庫,[神戸市営]山手線(新神戸〜新長田),,http://ekikara.jp/newdata/line/2808021.htm
関西,兵庫,[能勢電鉄]日生線(山下〜日生中央),,http://ekikara.jp/newdata/line/2805021.htm
関西,兵庫,[阪神]なんば線(大阪難波〜尼崎),,http://ekikara.jp/newdata/line/2702021.htm
関西,兵庫,[阪急]伊丹線(塚口〜伊丹),,http://ekikara.jp/newdata/line/2703081.htm
関西,兵庫,[神戸市営]海岸線(夢かもめ)(新長田〜三宮・花時計前),,http://ekikara.jp/newdata/line/2808031.htm
関西,兵庫,[阪急]甲陽線(夙川〜甲陽園),,http://ekikara.jp/newdata/line/2703091.htm
関西,兵庫,北神急行電鉄(新神戸〜谷上),,http://ekikara.jp/newdata/line/2803011.htm
関西,兵庫,[神鉄]三田線(有馬口〜三田),,http://ekikara.jp/newdata/line/2802021.htm
関西,兵庫,[神鉄]公園都市線(三田〜ウッディタウン中央),,http://ekikara.jp/newdata/line/2802031.htm
関西,兵庫,[神鉄]粟生線(鈴蘭台〜粟生),,http://ekikara.jp/newdata/line/2802041.htm
関西,兵庫,[山陽電鉄]網干線(飾磨〜山陽網干),,http://ekikara.jp/newdata/line/2804021.htm
関西,兵庫,[阪神]武庫川線(武庫川〜武庫川団地前),,http://ekikara.jp/newdata/line/2702031.htm
関西,兵庫,智頭急行(上郡〜智頭),,http://ekikara.jp/newdata/line/3102011.htm
関西,兵庫,[京都丹後鉄道]宮豊線(宮津〜豊岡),,http://ekikara.jp/newdata/line/2603022.htm
関西,兵庫,北条鉄道(粟生〜北条町),,http://ekikara.jp/newdata/line/2807011.htm
関西,滋賀,[ＪＲ]東海道新幹線(東京〜新大阪),,http://ekikara.jp/newdata/line/2301011.htm
関西,滋賀,[ＪＲ]東海道本線(熱海〜美濃赤坂・米原),,http://ekikara.jp/newdata/line/2301031.htm
関西,滋賀,[ＪＲ]東海道本線(琵琶湖線)(米原〜京都),,http://ekikara.jp/newdata/line/2701041.htm
関西,滋賀,[ＪＲ]北陸本線(米原〜金沢),,http://ekikara.jp/newdata/line/2701091.htm
関西,滋賀,[ＪＲ]湖西線(京都〜近江塩津),,http://ekikara.jp/newdata/line/2701161.htm
関西,滋賀,[ＪＲ]草津線(柘植〜草津),,http://ekikara.jp/newdata/line/2701171.htm
関西,滋賀,[京阪]石山坂本線(石山寺〜坂本),,http://ekikara.jp/newdata/line/2706061.htm
関西,滋賀,[京阪]京津線(御陵〜浜大津),,http://ekikara.jp/newdata/line/2706051.htm
関西,滋賀,[近江鉄道]本線(米原〜貴生川),,http://ekikara.jp/newdata/line/2501011.htm
関西,滋賀,[近江鉄道]八日市線(八日市〜近江八幡),,http://ekikara.jp/newdata/line/2501031.htm
関西,滋賀,[近江鉄道]多賀線(高宮〜多賀大社前),,http://ekikara.jp/newdata/line/2501021.htm
関西,滋賀,信楽高原鐵道(貴生川〜信楽),,http://ekikara.jp/newdata/line/2502011.htm
関西,奈良,[ＪＲ]関西本線(大和路線)(加茂〜ＪＲ難波),,http://ekikara.jp/newdata/line/2701062.htm
関西,奈良,[ＪＲ]奈良線(京都〜奈良),,http://ekikara.jp/newdata/line/2701151.htm
関西,奈良,[ＪＲ]和歌山線(王寺〜和歌山),,http://ekikara.jp/newdata/line/2701481.htm
関西,奈良,[ＪＲ]桜井線(奈良〜高田),,http://ekikara.jp/newdata/line/2701491.htm
関西,奈良,[近鉄]奈良線(大阪上本町〜近鉄奈良),,http://ekikara.jp/newdata/line/2705031.htm
関西,奈良,[近鉄]大阪線(大阪上本町〜伊勢中川),,http://ekikara.jp/newdata/line/2705011.htm
関西,奈良,[近鉄]南大阪線(大阪阿部野橋〜橿原神宮前),,http://ekikara.jp/newdata/line/2705121.htm
関西,奈良,[近鉄]京都線(京都〜近鉄奈良),,http://ekikara.jp/newdata/line/2705041.htm
関西,奈良,[近鉄]橿原線(大和西大寺〜橿原神宮前),,http://ekikara.jp/newdata/line/2705051.htm
関西,奈良,[近鉄]けいはんな線(長田〜学研奈良登美ケ丘),,http://ekikara.jp/newdata/line/2705101.htm
関西,奈良,[近鉄]生駒線(生駒〜王寺),,http://ekikara.jp/newdata/line/2705071.htm
関西,奈良,[近鉄]天理線(平端〜天理),,http://ekikara.jp/newdata/line/2705061.htm
関西,奈良,[近鉄]御所線(尺土〜近鉄御所),,http://ekikara.jp/newdata/line/2705151.htm
関西,奈良,[近鉄]吉野線(橿原神宮前〜吉野),,http://ekikara.jp/newdata/line/2705131.htm
関西,奈良,[近鉄]生駒ケーブル(鳥居前〜生駒山上),,http://ekikara.jp/newdata/line/2705281.htm
関西,奈良,[近鉄]田原本線(西田原本〜新王寺),,http://ekikara.jp/newdata/line/2705081.htm
関西,和歌山,[ＪＲ]阪和線(天王寺〜和歌山),,http://ekikara.jp/newdata/line/2701121.htm
関西,和歌山,[ＪＲ]和歌山線(王寺〜和歌山),,http://ekikara.jp/newdata/line/2701481.htm
関西,和歌山,[ＪＲ]紀勢本線(新宮〜和歌山),,http://ekikara.jp/newdata/line/2701081.htm
関西,和歌山,[ＪＲ]紀勢本線(亀山〜新宮),,http://ekikara.jp/newdata/line/2301051.htm
関西,和歌山,[ＪＲ]紀勢本線(和歌山〜和歌山市),,http://ekikara.jp/newdata/line/2701082.htm
関西,和歌山,[南海]高野線(りんかんサンライン)(難波〜極楽橋),,http://ekikara.jp/newdata/line/2707021.htm
関西,和歌山,[南海]本線(難波〜和歌山市),,http://ekikara.jp/newdata/line/2707011.htm
関西,和歌山,[南海]高野山ケーブル(極楽橋〜高野山),,http://ekikara.jp/newdata/line/2707101.htm
関西,和歌山,[南海]加太線(和歌山市〜加太),,http://ekikara.jp/newdata/line/2707061.htm
関西,和歌山,[わかやま電鉄]貴志川線(和歌山〜貴志),,http://ekikara.jp/newdata/line/3003011.htm
関西,和歌山,[南海]和歌山港線(和歌山市〜和歌山港),,http://ekikara.jp/newdata/line/2707071.htm
関西,和歌山,紀州鉄道(御坊〜西御坊),,http://ekikara.jp/newdata/line/3002011.htm
中国,広島,[ＪＲ]山陽新幹線(新大阪〜博多),,http://ekikara.jp/newdata/line/2701011.htm
中国,広島,[ＪＲ]山陽本線(姫路〜門司),,http://ekikara.jp/newdata/line/2701052.htm
中国,広島,[ＪＲ]呉線(糸崎〜広島),,http://ekikara.jp/newdata/line/2701221.htm
中国,広島,[ＪＲ]可部線(広島〜可部),,http://ekikara.jp/newdata/line/2701311.htm
中国,広島,[ＪＲ]芸備線(新見〜広島),,http://ekikara.jp/newdata/line/2701361.htm
中国,広島,[ＪＲ]宮島航路(宮島口〜宮島),,http://ekikara.jp/newdata/line/2701501.htm
中国,広島,[ＪＲ]福塩線(福山〜三次),,http://ekikara.jp/newdata/line/2701451.htm
中国,広島,[ＪＲ]木次線(宍道〜備後落合),,http://ekikara.jp/newdata/line/2701341.htm
中国,広島,[ＪＲ]三江線(江津〜三次),,http://ekikara.jp/newdata/line/2701381.htm
中国,広島,[広電]２号線(宮島線)(広島駅〜広電宮島口),,http://ekikara.jp/newdata/line/3403021.htm
中国,広島,[広電]９号線(白島線)(八丁堀〜白島),,http://ekikara.jp/newdata/line/3403081.htm
中国,広島,[広電]１号線(宇品線)(広島駅〜広島港（宇品）),,http://ekikara.jp/newdata/line/3403011.htm
中国,広島,[広電]３号線(己斐線)(広島港（宇品）〜広電西広島（己斐）),,http://ekikara.jp/newdata/line/3403031.htm
中国,広島,[広電]５号線(比治山線)(広島駅〜広島港（宇品）),,http://ekikara.jp/newdata/line/3403041.htm
中国,広島,[広電]６号線(江波線)(広島駅〜江波),,http://ekikara.jp/newdata/line/3403051.htm
中国,広島,[広電]８号線(横川線)(横川駅〜江波),,http://ekikara.jp/newdata/line/3403071.htm
中国,広島,アストラムライン(本通〜広域公園前),,http://ekikara.jp/newdata/line/3402011.htm
中国,広島,[広電]７号線(都心線)(横川駅〜広電本社前),,http://ekikara.jp/newdata/line/3403061.htm
中国,広島,スカイレールサービス(みどり口〜みどり中央),,http://ekikara.jp/newdata/line/3401011.htm
中国,広島,井原鉄道(総社〜神辺),,http://ekikara.jp/newdata/line/3302011.htm
中国,岡山,[ＪＲ]山陽新幹線(新大阪〜博多),,http://ekikara.jp/newdata/line/2701011.htm
中国,岡山,[ＪＲ]山陽本線(姫路〜門司),,http://ekikara.jp/newdata/line/2701052.htm
中国,岡山,[ＪＲ]赤穂線(相生〜岡山),,http://ekikara.jp/newdata/line/2701251.htm
中国,岡山,[ＪＲ]瀬戸大橋線(本四備讃線)(岡山〜高松),,http://ekikara.jp/newdata/line/2701211.htm
中国,岡山,[ＪＲ]芸備線(新見〜広島),,http://ekikara.jp/newdata/line/2701361.htm
中国,岡山,[ＪＲ]伯備線(岡山〜米子),,http://ekikara.jp/newdata/line/2701191.htm
中国,岡山,[ＪＲ]因美線(鳥取〜津山),,http://ekikara.jp/newdata/line/2701261.htm
中国,岡山,[ＪＲ]吉備線(岡山〜総社),,http://ekikara.jp/newdata/line/2701351.htm
中国,岡山,[ＪＲ]姫新線(佐用〜新見),,http://ekikara.jp/newdata/line/2701332.htm
中国,岡山,[ＪＲ]津山線(津山〜岡山),,http://ekikara.jp/newdata/line/2701401.htm
中国,岡山,[ＪＲ]宇野線(岡山〜宇野),,http://ekikara.jp/newdata/line/2701201.htm
中国,岡山,[岡山電軌]東山本線(岡山駅前〜東山),,http://ekikara.jp/newdata/line/3303011.htm
中国,岡山,[岡山電軌]清輝橋線(岡山駅前〜清輝橋),,http://ekikara.jp/newdata/line/3303021.htm
中国,岡山,水島臨海鉄道(倉敷市〜三菱自工前),,http://ekikara.jp/newdata/line/3301011.htm
中国,岡山,智頭急行(上郡〜智頭),,http://ekikara.jp/newdata/line/3102011.htm
中国,岡山,井原鉄道(総社〜神辺),,http://ekikara.jp/newdata/line/3302011.htm
中国,山口,[ＪＲ]山陽新幹線(新大阪〜博多),,http://ekikara.jp/newdata/line/2701011.htm
中国,山口,[ＪＲ]鹿児島本線(下関・門司港〜八代),,http://ekikara.jp/newdata/line/4001011.htm
中国,山口,[ＪＲ]山陽本線(姫路〜門司),,http://ekikara.jp/newdata/line/2701052.htm
中国,山口,[ＪＲ]山陰本線(米子〜下関),,http://ekikara.jp/newdata/line/2701073.htm
中国,山口,[ＪＲ]山口線(新山口〜益田),,http://ekikara.jp/newdata/line/2701471.htm
中国,山口,[ＪＲ]宇部線(新山口〜宇部),,http://ekikara.jp/newdata/line/2701231.htm
中国,山口,[ＪＲ]岩徳線(岩国〜徳山),,http://ekikara.jp/newdata/line/2701321.htm
中国,山口,[ＪＲ]美祢線(厚狭〜仙崎),,http://ekikara.jp/newdata/line/2701241.htm
中国,山口,[ＪＲ]小野田線(宇部新川〜小野田・長門本山),,http://ekikara.jp/newdata/line/2701281.htm
中国,山口,[錦川鉄道]錦川清流線(川西〜錦町),,http://ekikara.jp/newdata/line/3501011.htm
中国,山口,[ＪＲバス]防長線(新山口駅新幹線口〜東萩),,http://ekikara.jp/newdata/line/3404021.htm
中国,島根,[ＪＲ]山陰本線(米子〜下関),,http://ekikara.jp/newdata/line/2701073.htm
中国,島根,[ＪＲ]山口線(新山口〜益田),,http://ekikara.jp/newdata/line/2701471.htm
中国,島根,[ＪＲ]木次線(宍道〜備後落合),,http://ekikara.jp/newdata/line/2701341.htm
中国,島根,[ＪＲ]三江線(江津〜三次),,http://ekikara.jp/newdata/line/2701381.htm
中国,島根,[一畑電鉄]北松江線(電鉄出雲市〜松江しんじ湖温泉),,http://ekikara.jp/newdata/line/3201011.htm
中国,島根,[一畑電鉄]大社線(川跡〜出雲大社前),,http://ekikara.jp/newdata/line/3201021.htm
中国,鳥取,[ＪＲ]山陰本線(園部〜米子),,http://ekikara.jp/newdata/line/2701072.htm
中国,鳥取,[ＪＲ]山陰本線(米子〜下関),,http://ekikara.jp/newdata/line/2701073.htm
中国,鳥取,[ＪＲ]伯備線(岡山〜米子),,http://ekikara.jp/newdata/line/2701191.htm
中国,鳥取,[ＪＲ]因美線(鳥取〜津山),,http://ekikara.jp/newdata/line/2701261.htm
中国,鳥取,[ＪＲ]境線(米子〜境港),,http://ekikara.jp/newdata/line/2701371.htm
中国,鳥取,智頭急行(上郡〜智頭),,http://ekikara.jp/newdata/line/3102011.htm
中国,鳥取,若桜鉄道(郡家〜若桜),,http://ekikara.jp/newdata/line/3101011.htm
四国,徳島,[ＪＲ]土讃線(多度津〜窪川),,http://ekikara.jp/newdata/line/3701021.htm
四国,徳島,[ＪＲ]高徳線(高松〜徳島),,http://ekikara.jp/newdata/line/3701031.htm
四国,徳島,[ＪＲ]牟岐線(徳島〜海部),,http://ekikara.jp/newdata/line/3701061.htm
四国,徳島,[ＪＲ]徳島線(よしの川ブルーライン)(徳島〜阿波池田),,http://ekikara.jp/newdata/line/3701051.htm
四国,徳島,[ＪＲ]鳴門線(鳴門〜池谷),,http://ekikara.jp/newdata/line/3701071.htm
四国,徳島,[阿佐海岸鉄道]阿佐東線(海部〜甲浦),,http://ekikara.jp/newdata/line/3601011.htm
四国,香川,[ＪＲ]予讃線(高松〜松山),,http://ekikara.jp/newdata/line/3701011.htm
四国,香川,[ＪＲ]土讃線(多度津〜窪川),,http://ekikara.jp/newdata/line/3701021.htm
四国,香川,[ＪＲ]瀬戸大橋線(本四備讃線)(岡山〜高松),,http://ekikara.jp/newdata/line/2701211.htm
四国,香川,[ＪＲ]高徳線(高松〜徳島),,http://ekikara.jp/newdata/line/3701031.htm
四国,香川,[ことでん]琴平線(高松築港〜琴電琴平),,http://ekikara.jp/newdata/line/3702011.htm
四国,香川,[ことでん]長尾線(高松築港〜長尾),,http://ekikara.jp/newdata/line/3702021.htm
四国,香川,[ことでん]志度線(瓦町〜琴電志度),,http://ekikara.jp/newdata/line/3702031.htm
四国,愛媛,[ＪＲ]予讃線(高松〜松山),,http://ekikara.jp/newdata/line/3701011.htm
四国,愛媛,[ＪＲ]予讃・内子線(松山〜宇和島),,http://ekikara.jp/newdata/line/3701041.htm
四国,愛媛,[ＪＲ]予土線(しまんとグリーンライン)(窪川〜宇和島),,http://ekikara.jp/newdata/line/3701081.htm
四国,愛媛,[伊予鉄道]高浜線(高浜〜松山市),,http://ekikara.jp/newdata/line/3801021.htm
四国,愛媛,[伊予鉄道]横河原線(松山市〜横河原),,http://ekikara.jp/newdata/line/3801031.htm
四国,愛媛,[伊予鉄道]郡中線(松山市〜郡中港),,http://ekikara.jp/newdata/line/3801011.htm
四国,愛媛,[伊予鉄道]３系統(市駅線)(松山市駅前〜道後温泉),,http://ekikara.jp/newdata/line/3801061.htm
四国,愛媛,[伊予鉄道]５系統(松山駅前線)(松山駅前〜道後温泉),,http://ekikara.jp/newdata/line/3801071.htm
四国,愛媛,[伊予鉄道]２系統(環状線)(松山市駅前〜松山市駅前),,http://ekikara.jp/newdata/line/3801051.htm
四国,愛媛,[伊予鉄道]１系統(環状線)(松山市駅前〜松山市駅前),,http://ekikara.jp/newdata/line/3801041.htm
四国,愛媛,[伊予鉄道]６系統(本町線)(本町６丁目〜道後温泉),,http://ekikara.jp/newdata/line/3801081.htm
四国,高知,[ＪＲ]土讃線(多度津〜窪川),,http://ekikara.jp/newdata/line/3701021.htm
四国,高知,[ＪＲ]予土線(しまんとグリーンライン)(窪川〜宇和島),,http://ekikara.jp/newdata/line/3701081.htm
四国,高知,[とさでん]伊野線(はりまや橋＜東西線＞〜伊野),,http://ekikara.jp/newdata/line/3902021.htm
四国,高知,[とさでん]ごめん線(後免町〜はりまや橋＜東西線＞),,http://ekikara.jp/newdata/line/3902011.htm
四国,高知,[とさでん]桟橋線(高知駅前〜桟橋通五丁目),,http://ekikara.jp/newdata/line/3902031.htm
四国,高知,[土佐くろしお鉄道]ごめん・なはり線(後免〜奈半利),,http://ekikara.jp/newdata/line/3901031.htm
四国,高知,[阿佐海岸鉄道]阿佐東線(海部〜甲浦),,http://ekikara.jp/newdata/line/3601011.htm
四国,高知,[土佐くろしお鉄道]中村線(窪川〜中村),,http://ekikara.jp/newdata/line/3901011.htm
四国,高知,[土佐くろしお鉄道]宿毛線(中村〜宿毛),,http://ekikara.jp/newdata/line/3901021.htm
九州,福岡,[ＪＲ]山陽新幹線(新大阪〜博多),,http://ekikara.jp/newdata/line/2701011.htm
九州,福岡,[ＪＲ]九州新幹線(博多〜鹿児島中央),,http://ekikara.jp/newdata/line/4001211.htm
九州,福岡,[ＪＲ]鹿児島本線(下関・門司港〜八代),,http://ekikara.jp/newdata/line/4001011.htm
九州,福岡,[ＪＲ]山陽本線(姫路〜門司),,http://ekikara.jp/newdata/line/2701052.htm
九州,福岡,[ＪＲ]日豊本線(門司港〜佐伯),,http://ekikara.jp/newdata/line/4001031.htm
九州,福岡,[ＪＲ]筑肥線(姪浜〜西唐津),,http://ekikara.jp/newdata/line/4001071.htm
九州,福岡,[ＪＲ]筑豊本線(福北ゆたか線)(折尾〜桂川),,http://ekikara.jp/newdata/line/4001082.htm
九州,福岡,[ＪＲ]篠栗線(福北ゆたか線)(桂川〜博多),,http://ekikara.jp/newdata/line/4001021.htm
九州,福岡,[ＪＲ]久大本線(久留米〜大分),,http://ekikara.jp/newdata/line/4001091.htm
九州,福岡,[ＪＲ]香椎線(香椎〜宇美),,http://ekikara.jp/newdata/line/4001132.htm
九州,福岡,[ＪＲ]香椎線(海の中道線)(西戸崎〜香椎),,http://ekikara.jp/newdata/line/4001131.htm
九州,福岡,[ＪＲ]筑豊本線(若松線)(若松〜折尾),,http://ekikara.jp/newdata/line/4001081.htm
九州,福岡,[ＪＲ]日田彦山線(小倉〜日田),,http://ekikara.jp/newdata/line/4001111.htm
九州,福岡,[ＪＲ]博多南線(博多〜博多南),,http://ekikara.jp/newdata/line/2701021.htm
九州,福岡,[ＪＲ]後藤寺線(新飯塚〜田川後藤寺),,http://ekikara.jp/newdata/line/4001121.htm
九州,福岡,[ＪＲ]筑豊本線(桂川〜原田),,http://ekikara.jp/newdata/line/4001083.htm
九州,福岡,[西鉄]天神大牟田線(西鉄福岡（天神）〜大牟田),,http://ekikara.jp/newdata/line/4002011.htm
九州,福岡,[福岡市営]空港線(福岡空港〜姪浜),,http://ekikara.jp/newdata/line/4005011.htm
九州,福岡,[福岡市営]七隈線(橋本〜天神南),,http://ekikara.jp/newdata/line/4005031.htm
九州,福岡,[福岡市営]箱崎線(中洲川端〜貝塚),,http://ekikara.jp/newdata/line/4005021.htm
九州,福岡,北九州高速鉄道(小倉〜企救丘),,http://ekikara.jp/newdata/line/4006011.htm
九州,福岡,筑豊電気鉄道(黒崎駅前〜筑豊直方),,http://ekikara.jp/newdata/line/4007011.htm
九州,福岡,[西鉄]貝塚線(貝塚〜西鉄新宮),,http://ekikara.jp/newdata/line/4002041.htm
九州,福岡,[西鉄]太宰府線(西鉄二日市〜太宰府),,http://ekikara.jp/newdata/line/4002021.htm
九州,福岡,[西鉄]甘木線(宮の陣〜甘木),,http://ekikara.jp/newdata/line/4002031.htm
九州,福岡,[平成筑豊鉄道]伊田線(直方〜田川伊田),,http://ekikara.jp/newdata/line/4004011.htm
九州,福岡,甘木鉄道(基山〜甘木),,http://ekikara.jp/newdata/line/4003011.htm
九州,福岡,[平成筑豊鉄道]田川線(田川伊田〜行橋),,http://ekikara.jp/newdata/line/4004031.htm
九州,福岡,[平成筑豊鉄道]糸田線(金田〜田川後藤寺),,http://ekikara.jp/newdata/line/4004021.htm
九州,佐賀,[ＪＲ]九州新幹線(博多〜鹿児島中央),,http://ekikara.jp/newdata/line/4001211.htm
九州,佐賀,[ＪＲ]鹿児島本線(下関・門司港〜八代),,http://ekikara.jp/newdata/line/4001011.htm
九州,佐賀,[ＪＲ]筑肥線(姪浜〜西唐津),,http://ekikara.jp/newdata/line/4001071.htm
九州,佐賀,[ＪＲ]長崎本線(鳥栖〜長崎),,http://ekikara.jp/newdata/line/4001051.htm
九州,佐賀,[ＪＲ]佐世保線(肥前山口〜佐世保),,http://ekikara.jp/newdata/line/4001061.htm
九州,佐賀,[ＪＲ]唐津線(佐賀〜西唐津),,http://ekikara.jp/newdata/line/4001181.htm
九州,佐賀,[ＪＲ]筑肥線(西唐津〜伊万里),,http://ekikara.jp/newdata/line/4001072.htm
九州,佐賀,[松浦鉄道]西九州線(伊万里〜佐世保),,http://ekikara.jp/newdata/line/4201012.htm
九州,佐賀,甘木鉄道(基山〜甘木),,http://ekikara.jp/newdata/line/4003011.htm
九州,佐賀,[松浦鉄道]西九州線(有田〜伊万里),,http://ekikara.jp/newdata/line/4201011.htm
九州,長崎,[ＪＲ]長崎本線(鳥栖〜長崎),,http://ekikara.jp/newdata/line/4001051.htm
九州,長崎,[ＪＲ]佐世保線(肥前山口〜佐世保),,http://ekikara.jp/newdata/line/4001061.htm
九州,長崎,[ＪＲ]大村線(早岐〜諫早),,http://ekikara.jp/newdata/line/4001191.htm
九州,長崎,[長崎電軌]１系統(赤迫〜正覚寺下),,http://ekikara.jp/newdata/line/4203011.htm
九州,長崎,[長崎電軌]３系統(蛍茶屋〜赤迫),,http://ekikara.jp/newdata/line/4203021.htm
九州,長崎,[長崎電軌]４系統(蛍茶屋〜正覚寺下),,http://ekikara.jp/newdata/line/4203031.htm
九州,長崎,[長崎電軌]５系統(蛍茶屋〜石橋),,http://ekikara.jp/newdata/line/4203041.htm
九州,長崎,島原鉄道(諫早〜島原外港),,http://ekikara.jp/newdata/line/4202011.htm
九州,長崎,[松浦鉄道]西九州線(伊万里〜佐世保),,http://ekikara.jp/newdata/line/4201012.htm
九州,熊本,[ＪＲ]九州新幹線(博多〜鹿児島中央),,http://ekikara.jp/newdata/line/4001211.htm
九州,熊本,[ＪＲ]鹿児島本線(下関・門司港〜八代),,http://ekikara.jp/newdata/line/4001011.htm
九州,熊本,[ＪＲ]豊肥本線(阿蘇高原線)(熊本〜大分),,http://ekikara.jp/newdata/line/4001101.htm
九州,熊本,[ＪＲ]肥薩線(えびの高原線)(八代〜吉松),,http://ekikara.jp/newdata/line/4001161.htm
九州,熊本,[ＪＲ]三角線(熊本〜三角),,http://ekikara.jp/newdata/line/4001151.htm
九州,熊本,[熊本市電]Ａ系統(田崎橋〜健軍町),,http://ekikara.jp/newdata/line/4305011.htm
九州,熊本,[熊本市電]Ｂ系統(上熊本駅前〜健軍町),,http://ekikara.jp/newdata/line/4305021.htm
九州,熊本,[熊本電鉄]藤崎線(藤崎宮前〜御代志),,http://ekikara.jp/newdata/line/4301011.htm
九州,熊本,[熊本電鉄]上熊本線(上熊本〜北熊本),,http://ekikara.jp/newdata/line/4301021.htm
九州,熊本,肥薩おれんじ鉄道(八代〜川内),,http://ekikara.jp/newdata/line/4304011.htm
九州,熊本,[南阿蘇鉄道]高森線(立野〜高森),,http://ekikara.jp/newdata/line/4302011.htm
九州,熊本,[くま川鉄道]湯前線(人吉温泉〜湯前),,http://ekikara.jp/newdata/line/4303011.htm
九州,大分,[ＪＲ]日豊本線(門司港〜佐伯),,http://ekikara.jp/newdata/line/4001031.htm
九州,大分,[ＪＲ]豊肥本線(阿蘇高原線)(熊本〜大分),,http://ekikara.jp/newdata/line/4001101.htm
九州,大分,[ＪＲ]日豊本線(佐伯〜鹿児島),,http://ekikara.jp/newdata/line/4001032.htm
九州,大分,[ＪＲ]久大本線(久留米〜大分),,http://ekikara.jp/newdata/line/4001091.htm
九州,大分,[ＪＲ]日田彦山線(小倉〜日田),,http://ekikara.jp/newdata/line/4001111.htm
九州,宮崎,[ＪＲ]日豊本線(佐伯〜鹿児島),,http://ekikara.jp/newdata/line/4001032.htm
九州,宮崎,[ＪＲ]宮崎空港線(宮崎〜宮崎空港),,http://ekikara.jp/newdata/line/4001041.htm
九州,宮崎,[ＪＲ]日南線(宮崎〜志布志),,http://ekikara.jp/newdata/line/4001141.htm
九州,宮崎,[ＪＲ]肥薩線(えびの高原線)(八代〜吉松),,http://ekikara.jp/newdata/line/4001161.htm
九州,宮崎,[ＪＲ]吉都線(えびの高原線)(都城〜吉松),,http://ekikara.jp/newdata/line/4001171.htm
九州,鹿児島,[ＪＲ]九州新幹線(博多〜鹿児島中央),,http://ekikara.jp/newdata/line/4001211.htm
九州,鹿児島,[ＪＲ]日豊本線(佐伯〜鹿児島),,http://ekikara.jp/newdata/line/4001032.htm
九州,鹿児島,[ＪＲ]指宿枕崎線(鹿児島中央〜枕崎),,http://ekikara.jp/newdata/line/4001201.htm
九州,鹿児島,[ＪＲ]鹿児島本線(川内〜鹿児島),,http://ekikara.jp/newdata/line/4001012.htm
九州,鹿児島,[ＪＲ]日南線(宮崎〜志布志),,http://ekikara.jp/newdata/line/4001141.htm
九州,鹿児島,[ＪＲ]肥薩線(えびの高原線)(八代〜吉松),,http://ekikara.jp/newdata/line/4001161.htm
九州,鹿児島,[ＪＲ]肥薩線(吉松〜隼人),,http://ekikara.jp/newdata/line/4001162.htm
九州,鹿児島,[ＪＲ]吉都線(えびの高原線)(都城〜吉松),,http://ekikara.jp/newdata/line/4001171.htm
九州,鹿児島,[鹿児島市電]２系統(鹿児島駅前〜郡元),,http://ekikara.jp/newdata/line/4601021.htm
九州,鹿児島,[鹿児島市電]１系統(鹿児島駅前〜谷山),,http://ekikara.jp/newdata/line/4601011.htm
九州,鹿児島,肥薩おれんじ鉄道(八代〜川内),,http://ekikara.jp/newdata/line/4304011.htm
沖縄,沖縄,ゆいレール(那覇空港〜首里),,http://ekikara.jp/newdata/line/4701011.htm
